Team Pair,GameID,GameDate,TeamA runs,TeamB runs,Home Team,Away Team,TeamA Score,TeamB Score,Prediction_OverUnder
LAD vs vs vs SD,73692,2024-03-20,5,2,SD,LAD,4.14,4.91,9.05
,73694,2024-03-21,11,15,LAD,SD,,,
,70921,2024-04-12,7,8,LAD,SD,,,
,70936,2024-04-13,5,2,LAD,SD,,,
,70951,2024-04-14,3,6,LAD,SD,,,
,71294,2024-05-10,1,2,SD,LAD,,,
,71309,2024-05-11,5,0,SD,LAD,,,
,71324,2024-05-12,0,4,SD,LAD,,,
,72330,2024-07-30,5,6,SD,LAD,,,
,72344,2024-07-31,1,8,SD,LAD,,,
,73072,2024-09-24,2,4,LAD,SD,,,
,73087,2024-09-25,4,3,LAD,SD,,,
,73098,2024-09-26,7,2,LAD,SD,,,
MIL vs vs vs NYM,70726,2024-03-28,0,0,NYM,MIL,4.0,2.44,6.44
,73715,2024-03-29,3,1,NYM,MIL,,,
,70749,2024-03-30,7,6,NYM,MIL,,,
,70764,2024-03-31,4,1,NYM,MIL,,,
,73109,2024-09-27,8,4,MIL,NYM,,,
,73124,2024-09-28,6,0,MIL,NYM,,,
,73139,2024-09-29,0,5,MIL,NYM,,,
BAL vs vs vs LAA,70719,2024-03-28,11,3,BAL,LAA,6.32,4.12,10.44
,70742,2024-03-30,13,4,BAL,LAA,,,
,70757,2024-03-31,1,4,BAL,LAA,,,
,71052,2024-04-22,4,2,LAA,BAL,,,
,71063,2024-04-23,4,7,LAA,BAL,,,
,71078,2024-04-24,6,5,LAA,BAL,,,
ATL vs vs vs PHI,70720,2024-03-28,0,0,PHI,ATL,4.59,2.79,7.38
,73716,2024-03-29,9,3,PHI,ATL,,,
,70743,2024-03-30,12,4,PHI,ATL,,,
,70758,2024-03-31,4,5,PHI,ATL,,,
,72044,2024-07-05,6,8,ATL,PHI,,,
,72059,2024-07-06,5,1,ATL,PHI,,,
,72074,2024-07-07,6,0,ATL,PHI,,,
,72608,2024-08-20,3,1,ATL,PHI,,,
,72623,2024-08-21,2,3,ATL,PHI,,,
,72635,2024-08-22,3,2,ATL,PHI,,,
,72723,2024-08-29,4,5,PHI,ATL,,,
,72733,2024-08-30,7,2,PHI,ATL,,,
,72748,2024-08-31,0,3,PHI,ATL,,,
,72763,2024-09-01,2,3,PHI,ATL,,,
CHW vs vs vs DET,70725,2024-03-28,0,1,CHW,DET,3.32,5.32,8.64
,70748,2024-03-30,6,7,CHW,DET,,,
,70763,2024-03-31,2,3,CHW,DET,,,
,71853,2024-06-21,1,2,DET,CHW,,,
,71867,2024-06-22,5,1,DET,CHW,,,
,71881,2024-06-23,2,11,DET,CHW,,,
,72642,2024-08-23,2,5,CHW,DET,,,
,72657,2024-08-24,4,13,CHW,DET,,,
,72672,2024-08-25,4,9,CHW,DET,,,
,72684,2024-08-26,3,6,CHW,DET,,,
,73103,2024-09-27,1,4,DET,CHW,,,
,73118,2024-09-28,4,0,DET,CHW,,,
,73133,2024-09-29,9,5,DET,CHW,,,
CIN vs vs vs WSH,70733,2024-03-28,8,2,CIN,WSH,5.02,5.27,10.29
,70756,2024-03-30,6,7,CIN,WSH,,,
,70771,2024-03-31,6,5,CIN,WSH,,,
,72178,2024-07-19,5,8,WSH,CIN,,,
,72192,2024-07-20,4,5,WSH,CIN,,,
,72207,2024-07-21,2,5,WSH,CIN,,,
HOU vs vs vs NYY,70728,2024-03-28,4,5,HOU,NYY,3.14,6.13,9.27
,70737,2024-03-29,1,7,HOU,NYY,,,
,70751,2024-03-30,3,5,HOU,NYY,,,
,70766,2024-03-31,3,4,HOU,NYY,,,
,71255,2024-05-07,3,10,NYY,HOU,,,
,71270,2024-05-08,4,9,NYY,HOU,,,
,71282,2024-05-09,4,3,NYY,HOU,,,
KC vs vs vs MIN,70727,2024-03-28,1,4,KC,MIN,4.12,3.7,7.82
,70750,2024-03-30,1,5,KC,MIN,,,
,70765,2024-03-31,11,0,KC,MIN,,,
,71525,2024-05-27,5,6,MIN,KC,,,
,71537,2024-05-28,2,4,MIN,KC,,,
,71552,2024-05-29,6,1,MIN,KC,,,
,71566,2024-05-30,6,7,MIN,KC,,,
,72499,2024-08-12,3,8,MIN,KC,,,
,72510,2024-08-13,3,13,MIN,KC,,,
,72525,2024-08-14,4,1,MIN,KC,,,
,72833,2024-09-06,5,0,KC,MIN,,,
,72848,2024-09-07,4,2,KC,MIN,,,
,72863,2024-09-08,2,0,KC,MIN,,,
LAD vs vs vs STL,70731,2024-03-28,7,1,LAD,STL,4.69,3.74,8.43
,70740,2024-03-29,6,3,LAD,STL,,,
,70754,2024-03-30,5,6,LAD,STL,,,
,70769,2024-03-31,5,4,LAD,STL,,,
,72549,2024-08-16,7,6,STL,LAD,,,
,72563,2024-08-17,2,5,STL,LAD,,,
,72578,2024-08-18,2,1,STL,LAD,,,
MIA vs vs vs PIT,70729,2024-03-28,5,6,MIA,PIT,3.29,6.41,9.7
,70738,2024-03-29,2,7,MIA,PIT,,,
,70752,2024-03-30,3,9,MIA,PIT,,,
,70767,2024-03-31,7,9,MIA,PIT,,,
,72876,2024-09-09,2,3,PIT,MIA,,,
,72887,2024-09-10,4,6,PIT,MIA,,,
,72902,2024-09-11,1,3,PIT,MIA,,,
SD vs vs vs SF,70730,2024-03-28,6,4,SD,SF,5.02,3.92,8.94
,70739,2024-03-29,3,8,SD,SF,,,
,70753,2024-03-30,6,9,SD,SF,,,
,70768,2024-03-31,13,4,SD,SF,,,
,70828,2024-04-05,2,3,SF,SD,,,
,70843,2024-04-06,4,0,SF,SD,,,
,70858,2024-04-07,2,3,SF,SD,,,
,72837,2024-09-06,5,1,SD,SF,,,
,72852,2024-09-07,3,6,SD,SF,,,
,72867,2024-09-08,6,7,SD,SF,,,
,72928,2024-09-13,5,0,SF,SD,,,
,72943,2024-09-14,8,0,SF,SD,,,
,72958,2024-09-15,4,3,SF,SD,,,
TB vs vs vs TOR,70732,2024-03-28,2,8,TB,TOR,4.35,3.5,7.85
,70741,2024-03-29,8,2,TB,TOR,,,
,70755,2024-03-30,5,1,TB,TOR,,,
,70770,2024-03-31,2,9,TB,TOR,,,
,71395,2024-05-17,4,3,TOR,TB,,,
,71410,2024-05-18,5,4,TOR,TB,,,
,71425,2024-05-19,2,5,TOR,TB,,,
,72244,2024-07-23,4,2,TOR,TB,,,
,72259,2024-07-24,3,6,TOR,TB,,,
,72267,2024-07-25,13,0,TOR,TB,,,
,73027,2024-09-20,1,0,TB,TOR,,,
,73042,2024-09-21,3,2,TB,TOR,,,
,73057,2024-09-22,4,3,TB,TOR,,,
CHC vs vs vs TEX,70722,2024-03-28,3,4,TEX,CHC,5.13,6.0,11.13
,70745,2024-03-30,2,11,TEX,CHC,,,
,70760,2024-03-31,9,5,TEX,CHC,,,
CLE vs vs vs OAK,70723,2024-03-28,8,0,OAK,CLE,7.39,2.51,9.9
,70735,2024-03-29,6,4,OAK,CLE,,,
,70746,2024-03-30,12,3,OAK,CLE,,,
,70761,2024-03-31,3,4,OAK,CLE,,,
,71016,2024-04-19,10,2,CLE,OAK,,,
,71031,2024-04-20,6,3,CLE,OAK,,,
,71046,2024-04-21,6,2,CLE,OAK,,,
ARI vs vs vs COL,70724,2024-03-28,16,1,ARI,COL,5.8,3.98,9.78
,70736,2024-03-29,7,3,ARI,COL,,,
,70747,2024-03-30,4,9,ARI,COL,,,
,70762,2024-03-31,5,1,ARI,COL,,,
,70862,2024-04-08,5,7,COL,ARI,,,
,70875,2024-04-09,3,2,COL,ARI,,,
,70890,2024-04-10,5,3,COL,ARI,,,
,72497,2024-08-12,5,4,ARI,COL,,,
,72508,2024-08-13,4,3,ARI,COL,,,
,72523,2024-08-14,11,4,ARI,COL,,,
,72962,2024-09-16,2,3,COL,ARI,,,
,72972,2024-09-17,2,8,COL,ARI,,,
,72987,2024-09-18,9,4,COL,ARI,,,
BOS vs vs vs SEA,70721,2024-03-28,6,4,SEA,BOS,5.16,4.27,9.43
,70734,2024-03-29,0,1,SEA,BOS,,,
,70744,2024-03-30,3,4,SEA,BOS,,,
,70759,2024-03-31,5,1,SEA,BOS,,,
,72321,2024-07-29,14,7,BOS,SEA,,,
,72336,2024-07-30,6,10,BOS,SEA,,,
,72350,2024-07-31,3,2,BOS,SEA,,,
ATL vs vs vs CHW,70773,2024-04-01,9,0,CHW,ATL,3.03,0.9,3.93
,70787,2024-04-02,2,3,CHW,ATL,,,
,70801,2024-04-03,0,0,CHW,ATL,,,
,73719,2024-06-27,0,1,CHW,ATL,,,
CHC vs vs vs COL,70777,2024-04-01,5,0,CHC,COL,6.83,4.38,11.21
,70791,2024-04-02,12,2,CHC,COL,,,
,70805,2024-04-03,9,8,CHC,COL,,,
,72919,2024-09-13,5,9,COL,CHC,,,
,72934,2024-09-14,5,6,COL,CHC,,,
,72949,2024-09-15,6,2,COL,CHC,,,
PIT vs vs vs WSH,70781,2024-04-01,8,4,WSH,PIT,5.29,4.21,9.5
,70810,2024-04-03,3,5,WSH,PIT,,,
,70818,2024-04-04,7,4,WSH,PIT,,,
,72825,2024-09-05,9,4,PIT,WSH,,,
,72840,2024-09-06,0,0,PIT,WSH,,,
,72855,2024-09-07,3,5,PIT,WSH,,,
,73758,2024-09-07,6,8,PIT,WSH,,,
,72870,2024-09-08,7,3,PIT,WSH,,,
BAL vs vs vs KC,70779,2024-04-01,6,4,BAL,KC,4.95,4.42,9.37
,70793,2024-04-02,1,4,BAL,KC,,,
,70807,2024-04-03,4,3,BAL,KC,,,
,71008,2024-04-19,4,9,KC,BAL,,,
,71023,2024-04-20,9,7,KC,BAL,,,
,71038,2024-04-21,5,0,KC,BAL,,,
LAA vs vs vs MIA,70772,2024-04-01,7,4,MIA,LAA,7.33,2.1,9.43
,70786,2024-04-02,3,1,MIA,LAA,,,
,70800,2024-04-03,10,2,MIA,LAA,,,
CIN vs vs vs PHI,70775,2024-04-01,6,3,PHI,CIN,4.13,4.34,8.47
,70789,2024-04-02,4,9,PHI,CIN,,,
,70803,2024-04-03,4,1,PHI,CIN,,,
,71059,2024-04-22,0,7,CIN,PHI,,,
,71073,2024-04-23,8,1,CIN,PHI,,,
,71088,2024-04-24,7,4,CIN,PHI,,,
,71098,2024-04-25,0,5,CIN,PHI,,,
TB vs vs vs TEX,70784,2024-04-01,3,9,TB,TEX,2.27,5.75,8.02
,70798,2024-04-02,5,2,TB,TEX,,,
,70813,2024-04-03,1,4,TB,TEX,,,
,72047,2024-07-05,0,3,TEX,TB,,,
,72062,2024-07-06,3,4,TEX,TB,,,
,72077,2024-07-07,2,13,TEX,TB,,,
DET vs vs vs NYM,70778,2024-04-01,5,0,NYM,DET,2.64,0.9,3.54
,70792,2024-04-02,0,0,NYM,DET,,,
,70806,2024-04-03,0,0,NYM,DET,,,
,73717,2024-04-04,6,3,NYM,DET,,,
,73718,2024-04-04,1,2,NYM,DET,,,
HOU vs vs vs TOR,70785,2024-04-01,10,0,HOU,TOR,6.06,1.99,8.05
,70799,2024-04-02,1,2,HOU,TOR,,,
,70814,2024-04-03,8,0,HOU,TOR,,,
,71986,2024-07-01,3,1,TOR,HOU,,,
,71996,2024-07-02,6,7,TOR,HOU,,,
,72011,2024-07-03,9,2,TOR,HOU,,,
,72026,2024-07-04,5,3,TOR,HOU,,,
ARI vs vs vs NYY,70780,2024-04-01,2,5,ARI,NYY,4.2,4.03,8.23
,70795,2024-04-02,7,0,ARI,NYY,,,
,70809,2024-04-03,5,6,ARI,NYY,,,
BOS vs vs vs OAK,70774,2024-04-01,9,0,OAK,BOS,5.9,3.17,9.07
,70788,2024-04-02,5,4,OAK,BOS,,,
,70802,2024-04-03,1,0,OAK,BOS,,,
,72095,2024-07-09,12,9,BOS,OAK,,,
,72110,2024-07-10,2,5,BOS,OAK,,,
,72123,2024-07-11,7,0,BOS,OAK,,,
SD vs vs vs STL,70783,2024-04-01,2,6,SD,STL,3.73,4.23,7.96
,70797,2024-04-02,2,5,SD,STL,,,
,70812,2024-04-03,3,2,SD,STL,,,
,72689,2024-08-26,7,4,STL,SD,,,
,72702,2024-08-27,7,5,STL,SD,,,
,72717,2024-08-28,3,4,STL,SD,,,
,72729,2024-08-29,1,4,STL,SD,,,
CLE vs vs vs SEA,70776,2024-04-01,4,5,SEA,CLE,5.97,3.07,9.04
,70790,2024-04-02,5,2,SEA,CLE,,,
,70804,2024-04-03,8,0,SEA,CLE,,,
,71820,2024-06-18,5,8,CLE,SEA,,,
,71835,2024-06-19,8,0,CLE,SEA,,,
,71845,2024-06-20,6,3,CLE,SEA,,,
LAD vs vs vs SF,70782,2024-04-01,8,3,LAD,SF,5.64,4.5,10.14
,70796,2024-04-02,5,4,LAD,SF,,,
,70811,2024-04-03,5,4,LAD,SF,,,
,71337,2024-05-13,6,4,SF,LAD,,,
,71351,2024-05-14,10,2,SF,LAD,,,
,71366,2024-05-15,1,4,SF,LAD,,,
,71947,2024-06-28,3,5,SF,LAD,,,
,71962,2024-06-29,14,7,SF,LAD,,,
,71977,2024-06-30,4,10,SF,LAD,,,
,72227,2024-07-22,3,2,LAD,SF,,,
,72242,2024-07-23,5,2,LAD,SF,,,
,72257,2024-07-24,3,8,LAD,SF,,,
,72266,2024-07-25,6,4,LAD,SF,,,
MIL vs vs vs MIN,70794,2024-04-02,3,2,MIL,MIN,5.75,4.95,10.7
,70808,2024-04-03,3,7,MIL,MIN,,,
,72195,2024-07-20,8,4,MIN,MIL,,,
,72210,2024-07-21,8,7,MIN,MIL,,,
CLE vs vs vs MIN,70816,2024-04-04,4,2,MIN,CLE,3.55,2.74,6.29
,70836,2024-04-06,3,1,MIN,CLE,,,
,70851,2024-04-07,0,0,MIN,CLE,,,
,71389,2024-05-17,3,2,CLE,MIN,,,
,71404,2024-05-18,11,4,CLE,MIN,,,
,71419,2024-05-19,5,2,CLE,MIN,,,
,72457,2024-08-09,2,4,MIN,CLE,,,
,73720,2024-08-09,3,6,MIN,CLE,,,
,72472,2024-08-10,2,1,MIN,CLE,,,
,72486,2024-08-11,5,3,MIN,CLE,,,
,72967,2024-09-16,4,3,CLE,MIN,,,
,72979,2024-09-17,1,4,CLE,MIN,,,
,72994,2024-09-18,5,4,CLE,MIN,,,
,73007,2024-09-19,3,2,CLE,MIN,,,
MIA vs vs vs STL,70817,2024-04-04,5,8,STL,MIA,5.78,5.4,11.18
,70839,2024-04-06,1,3,STL,MIA,,,
,70854,2024-04-07,10,3,STL,MIA,,,
,71808,2024-06-17,6,7,MIA,STL,,,
,71822,2024-06-18,9,8,MIA,STL,,,
,71837,2024-06-19,4,3,MIA,STL,,,
CHW vs vs vs KC,70815,2024-04-04,1,10,KC,CHW,1.59,4.66,6.25
,70822,2024-04-05,1,2,KC,CHW,,,
,70835,2024-04-06,0,3,KC,CHW,,,
,70850,2024-04-07,3,5,KC,CHW,,,
,70962,2024-04-15,0,2,CHW,KC,,,
,70977,2024-04-16,0,0,CHW,KC,,,
,70992,2024-04-17,2,4,CHW,KC,,,
,73725,2024-04-17,2,1,CHW,KC,,,
,72177,2024-07-19,1,7,KC,CHW,,,
,72191,2024-07-20,1,6,KC,CHW,,,
,72206,2024-07-21,1,4,KC,CHW,,,
,72317,2024-07-29,5,8,CHW,KC,,,
,72329,2024-07-30,3,4,CHW,KC,,,
,72343,2024-07-31,3,10,CHW,KC,,,
NYY vs vs vs TOR,70831,2024-04-05,0,3,NYY,TOR,5.74,4.86,10.6
,70846,2024-04-06,9,8,NYY,TOR,,,
,70861,2024-04-07,8,3,NYY,TOR,,,
,70964,2024-04-15,1,3,TOR,NYY,,,
,70979,2024-04-16,4,5,TOR,NYY,,,
,70994,2024-04-17,6,4,TOR,NYY,,,
,71939,2024-06-27,2,9,TOR,NYY,,,
,71950,2024-06-28,16,5,TOR,NYY,,,
,71965,2024-06-29,3,9,TOR,NYY,,,
,71980,2024-06-30,8,1,TOR,NYY,,,
,72373,2024-08-02,5,8,NYY,TOR,,,
,72388,2024-08-03,8,3,NYY,TOR,,,
,72403,2024-08-04,4,3,NYY,TOR,,,
DET vs vs vs OAK,70826,2024-04-05,5,4,DET,OAK,4.02,4.1,8.12
,70841,2024-04-06,0,4,DET,OAK,,,
,70856,2024-04-07,1,7,DET,OAK,,,
,72832,2024-09-06,6,7,OAK,DET,,,
,72847,2024-09-07,2,1,OAK,DET,,,
,72862,2024-09-08,9,1,OAK,DET,,,
CHC vs vs vs LAD,70824,2024-04-05,9,7,CHC,LAD,7.1,4.75,11.85
,70838,2024-04-06,1,4,CHC,LAD,,,
,70853,2024-04-07,8,1,CHC,LAD,,,
,72873,2024-09-09,10,4,LAD,CHC,,,
,72882,2024-09-10,6,3,LAD,CHC,,,
,72897,2024-09-11,8,10,LAD,CHC,,,
COL vs vs vs TB,70830,2024-04-05,10,7,COL,TB,5.4,6.6,12.0
,70845,2024-04-06,6,8,COL,TB,,,
,70860,2024-04-07,2,3,COL,TB,,,
BAL vs vs vs PIT,70820,2024-04-05,5,2,PIT,BAL,4.03,3.0,7.03
,70833,2024-04-06,4,5,PIT,BAL,,,
,70848,2024-04-07,2,3,PIT,BAL,,,
CIN vs vs vs NYM,70825,2024-04-05,2,3,CIN,NYM,3.08,3.85,6.93
,70840,2024-04-06,9,6,CIN,NYM,,,
,70855,2024-04-07,1,3,CIN,NYM,,,
,72829,2024-09-06,4,6,NYM,CIN,,,
,72844,2024-09-07,0,4,NYM,CIN,,,
,72859,2024-09-08,3,1,NYM,CIN,,,
PHI vs vs vs WSH,70827,2024-04-05,4,0,WSH,PHI,4.82,3.45,8.27
,70842,2024-04-06,5,2,WSH,PHI,,,
,70857,2024-04-07,2,3,WSH,PHI,,,
,71396,2024-05-17,4,2,PHI,WSH,,,
,71411,2024-05-18,4,3,PHI,WSH,,,
,71426,2024-05-19,11,5,PHI,WSH,,,
,72542,2024-08-15,13,3,PHI,WSH,,,
,72556,2024-08-16,3,2,PHI,WSH,,,
,72571,2024-08-17,5,1,PHI,WSH,,,
,72586,2024-08-18,4,6,PHI,WSH,,,
,73111,2024-09-27,1,9,WSH,PHI,,,
,73126,2024-09-28,3,6,WSH,PHI,,,
,73141,2024-09-29,6,3,WSH,PHI,,,
ARI vs vs vs ATL,70819,2024-04-05,5,6,ATL,ARI,4.16,5.09,9.25
,70832,2024-04-06,8,9,ATL,ARI,,,
,70847,2024-04-07,2,5,ATL,ARI,,,
,72079,2024-07-08,4,5,ARI,ATL,,,
,72086,2024-07-09,2,6,ARI,ATL,,,
,72101,2024-07-10,7,5,ARI,ATL,,,
,72116,2024-07-11,1,0,ARI,ATL,,,
HOU vs vs vs TEX,70823,2024-04-05,2,10,TEX,HOU,4.89,4.65,9.54
,70837,2024-04-06,2,7,TEX,HOU,,,
,70852,2024-04-07,3,1,TEX,HOU,,,
,70866,2024-04-08,10,5,TEX,HOU,,,
,70924,2024-04-12,8,12,HOU,TEX,,,
,70939,2024-04-13,9,2,HOU,TEX,,,
,70954,2024-04-14,8,5,HOU,TEX,,,
,72140,2024-07-12,6,3,HOU,TEX,,,
,72155,2024-07-13,1,2,HOU,TEX,,,
,72170,2024-07-14,2,4,HOU,TEX,,,
,72408,2024-08-05,3,4,TEX,HOU,,,
,72419,2024-08-06,4,2,TEX,HOU,,,
,72434,2024-08-07,6,4,TEX,HOU,,,
MIL vs vs vs SEA,70829,2024-04-05,6,5,MIL,SEA,6.3,5.13,11.43
,70844,2024-04-06,3,5,MIL,SEA,,,
,70859,2024-04-07,12,4,MIL,SEA,,,
BOS vs vs vs LAA,70821,2024-04-05,8,6,LAA,BOS,5.65,3.88,9.53
,70834,2024-04-06,1,2,LAA,BOS,,,
,70849,2024-04-07,12,2,LAA,BOS,,,
,70911,2024-04-12,0,7,BOS,LAA,,,
,70926,2024-04-13,7,2,BOS,LAA,,,
,70941,2024-04-14,5,4,BOS,LAA,,,
CHW vs vs vs CLE,70863,2024-04-08,0,4,CLE,CHW,3.94,4.74,8.68
,70877,2024-04-09,7,5,CLE,CHW,,,
,70892,2024-04-10,6,7,CLE,CHW,,,
,71281,2024-05-09,3,2,CHW,CLE,,,
,71291,2024-05-10,6,3,CHW,CLE,,,
,71306,2024-05-11,3,1,CHW,CLE,,,
,71321,2024-05-12,0,7,CHW,CLE,,,
,71993,2024-07-02,6,7,CLE,CHW,,,
,72008,2024-07-03,8,2,CLE,CHW,,,
,72023,2024-07-04,4,8,CLE,CHW,,,
,72874,2024-09-09,3,5,CHW,CLE,,,
,72884,2024-09-10,0,5,CHW,CLE,,,
,72899,2024-09-11,4,6,CHW,CLE,,,
MIA vs vs vs NYY,70868,2024-04-08,0,7,NYY,MIA,2.57,3.6,6.17
,70882,2024-04-09,2,3,NYY,MIA,,,
,70896,2024-04-10,5,2,NYY,MIA,,,
CIN vs vs vs MIL,70869,2024-04-08,10,8,CIN,MIL,3.28,5.61,8.89
,70883,2024-04-09,5,9,CIN,MIL,,,
,70897,2024-04-10,2,7,CIN,MIL,,,
,70906,2024-04-11,0,0,CIN,MIL,,,
,71757,2024-06-14,6,5,MIL,CIN,,,
,71772,2024-06-15,1,3,MIL,CIN,,,
,71787,2024-06-16,4,5,MIL,CIN,,,
,72456,2024-08-09,3,8,MIL,CIN,,,
,72471,2024-08-10,0,1,MIL,CIN,,,
,72485,2024-08-11,4,3,MIL,CIN,,,
,72740,2024-08-30,4,5,CIN,MIL,,,
,73723,2024-08-30,0,14,CIN,MIL,,,
,72755,2024-08-31,4,5,CIN,MIL,,,
,72770,2024-09-01,4,3,CIN,MIL,,,
DET vs vs vs PIT,70865,2024-04-08,4,7,PIT,DET,3.78,4.0,7.78
,70879,2024-04-09,5,3,PIT,DET,,,
,71543,2024-05-28,0,0,DET,PIT,,,
,71558,2024-05-29,8,0,DET,PIT,,,
,73735,2024-05-29,2,10,DET,PIT,,,
SEA vs vs vs TOR,70872,2024-04-08,2,5,TOR,SEA,3.52,3.67,7.19
,70887,2024-04-09,3,5,TOR,SEA,,,
,70901,2024-04-10,6,1,TOR,SEA,,,
,72048,2024-07-05,2,1,SEA,TOR,,,
,72063,2024-07-06,4,5,SEA,TOR,,,
,72078,2024-07-07,4,5,SEA,TOR,,,
ATL vs vs vs NYM,70870,2024-04-08,7,8,ATL,NYM,3.86,3.74,7.6
,70884,2024-04-09,6,5,ATL,NYM,,,
,70898,2024-04-10,0,0,ATL,NYM,,,
,70908,2024-04-11,4,16,ATL,NYM,,,
,71288,2024-05-10,4,2,NYM,ATL,,,
,71303,2024-05-11,4,1,NYM,ATL,,,
,71318,2024-05-12,3,4,NYM,ATL,,,
,72260,2024-07-25,2,3,NYM,ATL,,,
,72268,2024-07-26,4,8,NYM,ATL,,,
,72283,2024-07-27,4,0,NYM,ATL,,,
,72299,2024-07-28,9,2,NYM,ATL,,,
,73071,2024-09-24,5,1,ATL,NYM,,,
,73086,2024-09-25,0,0,ATL,NYM,,,
,73721,2024-09-26,0,0,ATL,NYM,,,
,73772,2024-09-30,7,8,ATL,NYM,,,
,73773,2024-09-30,3,0,ATL,NYM,,,
LAD vs vs vs MIN,70867,2024-04-08,4,2,MIN,LAD,4.4,2.4,6.8
,70881,2024-04-09,6,3,MIN,LAD,,,
,70895,2024-04-10,2,3,MIN,LAD,,,
PHI vs vs vs STL,70871,2024-04-08,5,3,STL,PHI,3.75,2.82,6.57
,70886,2024-04-09,0,3,STL,PHI,,,
,70900,2024-04-10,4,3,STL,PHI,,,
,71581,2024-05-31,4,2,PHI,STL,,,
,71596,2024-06-01,6,1,PHI,STL,,,
,71611,2024-06-02,4,5,PHI,STL,,,
LAA vs vs vs TB,70873,2024-04-08,7,1,LAA,TB,4.66,3.79,8.45
,70888,2024-04-09,4,6,LAA,TB,,,
,70902,2024-04-10,2,4,LAA,TB,,,
,70956,2024-04-15,7,3,TB,LAA,,,
,70971,2024-04-16,6,7,TB,LAA,,,
,70986,2024-04-17,5,4,TB,LAA,,,
,71001,2024-04-18,1,2,TB,LAA,,,
CHC vs vs vs SD,70864,2024-04-08,8,9,SD,CHC,3.65,5.02,8.67
,70878,2024-04-09,5,1,SD,CHC,,,
,70893,2024-04-10,2,10,SD,CHC,,,
,71245,2024-05-06,3,6,CHC,SD,,,
,71259,2024-05-07,3,2,CHC,SD,,,
,71274,2024-05-08,0,3,CHC,SD,,,
SF vs vs vs WSH,70874,2024-04-08,1,8,SF,WSH,5.34,4.9,10.24
,70889,2024-04-09,3,5,SF,WSH,,,
,70903,2024-04-10,7,1,SF,WSH,,,
,72411,2024-08-05,4,1,WSH,SF,,,
,72425,2024-08-06,5,11,WSH,SF,,,
,72440,2024-08-07,7,4,WSH,SF,,,
,72450,2024-08-08,9,5,WSH,SF,,,
BAL vs vs vs BOS,70876,2024-04-09,7,1,BOS,BAL,5.65,4.78,10.43
,70891,2024-04-10,7,5,BOS,BAL,,,
,70904,2024-04-11,9,4,BOS,BAL,,,
,71521,2024-05-27,11,3,BAL,BOS,,,
,71533,2024-05-28,3,8,BAL,BOS,,,
,71548,2024-05-29,6,1,BAL,BOS,,,
,72537,2024-08-15,5,1,BAL,BOS,,,
,72545,2024-08-16,10,12,BAL,BOS,,,
,72559,2024-08-17,1,5,BAL,BOS,,,
,72574,2024-08-18,4,2,BAL,BOS,,,
,72872,2024-09-09,3,12,BOS,BAL,,,
,72881,2024-09-10,5,3,BOS,BAL,,,
,72896,2024-09-11,3,5,BOS,BAL,,,
HOU vs vs vs KC,70880,2024-04-09,3,4,KC,HOU,3.96,5.01,8.97
,70894,2024-04-10,2,11,KC,HOU,,,
,70905,2024-04-11,3,13,KC,HOU,,,
,72725,2024-08-29,6,3,HOU,KC,,,
,72737,2024-08-30,3,2,HOU,KC,,,
,72752,2024-08-31,5,2,HOU,KC,,,
,72767,2024-09-01,7,2,HOU,KC,,,
OAK vs vs vs TEX,70885,2024-04-09,4,3,TEX,OAK,4.56,5.28,9.84
,70899,2024-04-10,2,6,TEX,OAK,,,
,70909,2024-04-11,1,0,TEX,OAK,,,
,71248,2024-05-06,2,4,OAK,TEX,,,
,71262,2024-05-07,8,15,OAK,TEX,,,
,73706,2024-05-08,9,4,OAK,TEX,,,
,73707,2024-05-08,11,12,OAK,TEX,,,
,72742,2024-08-30,9,2,TEX,OAK,,,
,72757,2024-08-31,2,3,TEX,OAK,,,
,72772,2024-09-01,4,6,TEX,OAK,,,
,73077,2024-09-24,5,4,OAK,TEX,,,
,73092,2024-09-25,1,5,OAK,TEX,,,
,73101,2024-09-26,3,2,OAK,TEX,,,
DET vs vs vs MIN,70907,2024-04-11,0,0,DET,MIN,4.08,4.63,8.71
,70918,2024-04-12,8,2,DET,MIN,,,
,70933,2024-04-13,5,11,DET,MIN,,,
,73722,2024-04-13,1,4,DET,MIN,,,
,70948,2024-04-14,4,3,DET,MIN,,,
,71011,2024-04-19,5,4,MIN,DET,,,
,71026,2024-04-20,3,4,MIN,DET,,,
,71041,2024-04-21,6,1,MIN,DET,,,
,71995,2024-07-02,3,5,MIN,DET,,,
,72010,2024-07-03,9,2,MIN,DET,,,
,72025,2024-07-04,3,12,MIN,DET,,,
,72275,2024-07-26,3,9,DET,MIN,,,
,72291,2024-07-27,7,2,DET,MIN,,,
,72306,2024-07-28,0,5,DET,MIN,,,
PHI vs vs vs PIT,70910,2024-04-11,5,1,PHI,PIT,3.87,4.37,8.24
,70920,2024-04-12,2,5,PHI,PIT,,,
,70935,2024-04-13,4,3,PHI,PIT,,,
,70950,2024-04-14,2,9,PHI,PIT,,,
,72182,2024-07-19,7,8,PIT,PHI,,,
,72197,2024-07-20,1,4,PIT,PHI,,,
,72212,2024-07-21,6,0,PIT,PHI,,,
SF vs vs vs TB,70922,2024-04-12,1,2,TB,SF,5.87,3.9,9.77
,70937,2024-04-13,11,2,TB,SF,,,
,70952,2024-04-14,4,9,TB,SF,,,
BAL vs vs vs MIL,70917,2024-04-12,1,11,BAL,MIL,3.6,9.53,13.13
,70932,2024-04-13,5,11,BAL,MIL,,,
,70947,2024-04-14,6,4,BAL,MIL,,,
COL vs vs vs TOR,70915,2024-04-12,12,4,TOR,COL,5.5,4.2,9.7
,70930,2024-04-13,3,5,TOR,COL,,,
,70945,2024-04-14,0,5,TOR,COL,,,
CLE vs vs vs NYY,70919,2024-04-12,0,0,CLE,NYY,3.11,5.27,8.38
,70934,2024-04-13,2,3,CLE,NYY,,,
,73724,2024-04-13,2,8,CLE,NYY,,,
,70949,2024-04-14,8,7,CLE,NYY,,,
,72603,2024-08-20,9,5,NYY,CLE,,,
,72618,2024-08-21,1,8,NYY,CLE,,,
,72629,2024-08-22,0,6,NYY,CLE,,,
ATL vs vs vs MIA,70912,2024-04-12,8,1,MIA,ATL,4.37,3.2,7.57
,70927,2024-04-13,1,5,MIA,ATL,,,
,70942,2024-04-14,9,7,MIA,ATL,,,
,71055,2024-04-22,3,0,ATL,MIA,,,
,71069,2024-04-23,5,0,ATL,MIA,,,
,71084,2024-04-24,4,3,ATL,MIA,,,
,72357,2024-08-01,4,2,ATL,MIA,,,
,72366,2024-08-02,5,3,ATL,MIA,,,
,72381,2024-08-03,3,4,ATL,MIA,,,
,72396,2024-08-04,0,7,ATL,MIA,,,
,73016,2024-09-20,3,4,MIA,ATL,,,
,73031,2024-09-21,6,2,MIA,ATL,,,
,73046,2024-09-22,5,4,MIA,ATL,,,
KC vs vs vs NYM,70916,2024-04-12,1,6,NYM,KC,4.77,4.5,9.27
,70931,2024-04-13,11,7,NYM,KC,,,
,70946,2024-04-14,1,2,NYM,KC,,,
CHW vs vs vs CIN,70914,2024-04-12,1,11,CHW,CIN,1.5,9.9,11.4
,70929,2024-04-13,0,5,CHW,CIN,,,
,70944,2024-04-14,4,11,CHW,CIN,,,
ARI vs vs vs STL,70923,2024-04-12,6,9,ARI,STL,5.55,3.67,9.22
,70938,2024-04-13,4,2,ARI,STL,,,
,70953,2024-04-14,5,0,ARI,STL,,,
,71051,2024-04-22,3,5,STL,ARI,,,
,71062,2024-04-23,14,1,STL,ARI,,,
,71077,2024-04-24,1,5,STL,ARI,,,
OAK vs vs vs WSH,70925,2024-04-12,2,1,OAK,WSH,3.0,3.67,6.67
,70940,2024-04-13,1,3,OAK,WSH,,,
,70955,2024-04-14,7,6,OAK,WSH,,,
CHC vs vs vs SEA,70913,2024-04-12,2,4,SEA,CHC,3.3,2.1,5.4
,70928,2024-04-13,4,1,SEA,CHC,,,
,70943,2024-04-14,3,2,SEA,CHC,,,
BOS vs vs vs CLE,70960,2024-04-15,0,6,BOS,CLE,3.71,4.59,8.3
,70975,2024-04-16,7,10,BOS,CLE,,,
,70990,2024-04-17,2,0,BOS,CLE,,,
,71003,2024-04-18,4,5,BOS,CLE,,,
,71064,2024-04-23,1,4,CLE,BOS,,,
,71079,2024-04-24,8,0,CLE,BOS,,,
,71092,2024-04-25,4,6,CLE,BOS,,,
BAL vs vs vs MIN,70963,2024-04-15,7,4,BAL,MIN,7.33,2.55,9.88
,70978,2024-04-16,11,3,BAL,MIN,,,
,70993,2024-04-17,4,2,BAL,MIN,,,
,73102,2024-09-27,7,2,MIN,BAL,,,
,73117,2024-09-28,9,2,MIN,BAL,,,
,73132,2024-09-29,6,2,MIN,BAL,,,
DET vs vs vs TEX,70969,2024-04-15,0,1,DET,TEX,2.87,4.09,6.96
,70984,2024-04-16,4,2,DET,TEX,,,
,70999,2024-04-17,4,5,DET,TEX,,,
,71005,2024-04-18,7,9,DET,TEX,,,
,71617,2024-06-03,2,1,TEX,DET,,,
,71627,2024-06-04,3,1,TEX,DET,,,
,71642,2024-06-05,1,9,TEX,DET,,,
MIA vs vs vs SF,70967,2024-04-15,3,4,MIA,SF,3.7,3.48,7.18
,70982,2024-04-16,6,3,MIA,SF,,,
,70997,2024-04-17,1,3,MIA,SF,,,
,72739,2024-08-30,1,3,SF,MIA,,,
,72754,2024-08-31,4,3,SF,MIA,,,
,72769,2024-09-01,7,5,SF,MIA,,,
COL vs vs vs PHI,70961,2024-04-15,1,2,PHI,COL,3.08,4.3,7.38
,70976,2024-04-16,0,5,PHI,COL,,,
,70991,2024-04-17,6,7,PHI,COL,,,
,71486,2024-05-24,3,2,COL,PHI,,,
,71501,2024-05-25,4,8,COL,PHI,,,
,71516,2024-05-26,5,2,COL,PHI,,,
NYM vs vs vs PIT,70965,2024-04-15,6,3,NYM,PIT,4.2,4.13,8.33
,70980,2024-04-16,3,1,NYM,PIT,,,
,70995,2024-04-17,9,1,NYM,PIT,,,
,72043,2024-07-05,2,14,PIT,NYM,,,
,72058,2024-07-06,5,2,PIT,NYM,,,
,72073,2024-07-07,3,2,PIT,NYM,,,
,72083,2024-07-08,2,8,PIT,NYM,,,
MIL vs vs vs SD,70966,2024-04-15,3,7,MIL,SD,4.2,5.13,9.33
,70981,2024-04-16,3,6,MIL,SD,,,
,70996,2024-04-17,1,0,MIL,SD,,,
,71844,2024-06-20,6,7,SD,MIL,,,
,71855,2024-06-21,5,9,SD,MIL,,,
,71869,2024-06-22,4,6,SD,MIL,,,
,71883,2024-06-23,6,2,SD,MIL,,,
ATL vs vs vs HOU,70957,2024-04-15,6,1,HOU,ATL,6.23,2.1,8.33
,70972,2024-04-16,6,2,HOU,ATL,,,
,70987,2024-04-17,5,4,HOU,ATL,,,
ARI vs vs vs CHC,70958,2024-04-15,2,3,ARI,CHC,4.2,4.08,8.28
,70973,2024-04-16,12,11,ARI,CHC,,,
,70988,2024-04-17,3,5,ARI,CHC,,,
,72174,2024-07-19,5,2,CHC,ARI,,,
,72188,2024-07-20,3,0,CHC,ARI,,,
,72203,2024-07-21,1,2,CHC,ARI,,,
OAK vs vs vs STL,70968,2024-04-15,1,3,OAK,STL,2.7,3.3,6.0
,70983,2024-04-16,2,3,OAK,STL,,,
,70998,2024-04-17,6,3,OAK,STL,,,
CIN vs vs vs SEA,70959,2024-04-15,3,9,SEA,CIN,1.83,5.1,6.93
,70974,2024-04-16,1,3,SEA,CIN,,,
,70989,2024-04-17,1,5,SEA,CIN,,,
LAD vs vs vs WSH,70970,2024-04-15,4,6,LAD,WSH,4.62,2.43,7.05
,70985,2024-04-16,6,2,LAD,WSH,,,
,71000,2024-04-17,0,2,LAD,WSH,,,
,71068,2024-04-23,4,1,WSH,LAD,,,
,71083,2024-04-24,11,2,WSH,LAD,,,
,71095,2024-04-25,2,1,WSH,LAD,,,
CHC vs vs vs MIA,71004,2024-04-18,0,0,CHC,MIA,5.05,3.41,8.46
,71013,2024-04-19,8,3,CHC,MIA,,,
,71028,2024-04-20,2,3,CHC,MIA,,,
,73726,2024-04-20,5,3,CHC,MIA,,,
,71043,2024-04-21,3,6,CHC,MIA,,,
,72639,2024-08-23,6,3,MIA,CHC,,,
,72654,2024-08-24,14,2,MIA,CHC,,,
,72669,2024-08-25,2,7,MIA,CHC,,,
ARI vs vs vs SF,71002,2024-04-18,0,5,SF,ARI,5.27,5.04,10.31
,71007,2024-04-19,17,1,SF,ARI,,,
,71022,2024-04-20,3,7,SF,ARI,,,
,71037,2024-04-21,5,3,SF,ARI,,,
,71621,2024-06-03,4,2,ARI,SF,,,
,71635,2024-06-04,8,5,ARI,SF,,,
,71650,2024-06-05,3,9,ARI,SF,,,
,72789,2024-09-03,8,7,SF,ARI,,,
,72802,2024-09-04,6,4,SF,ARI,,,
,72818,2024-09-05,2,3,SF,ARI,,,
,73062,2024-09-23,3,6,ARI,SF,,,
,73074,2024-09-24,0,11,ARI,SF,,,
,73089,2024-09-25,8,2,ARI,SF,,,
CIN vs vs vs LAA,71006,2024-04-19,7,1,CIN,LAA,5.1,2.2,7.3
,71021,2024-04-20,7,5,CIN,LAA,,,
,71036,2024-04-21,3,0,CIN,LAA,,,
CHW vs vs vs PHI,71010,2024-04-19,0,7,PHI,CHW,2.57,7.2,9.77
,71025,2024-04-20,5,9,PHI,CHW,,,
,71040,2024-04-21,2,8,PHI,CHW,,,
BOS vs vs vs PIT,71009,2024-04-19,8,1,PIT,BOS,6.6,1.2,7.8
,71024,2024-04-20,4,2,PIT,BOS,,,
,71039,2024-04-21,6,1,PIT,BOS,,,
HOU vs vs vs WSH,71012,2024-04-19,5,3,WSH,HOU,3.3,4.2,7.5
,71027,2024-04-20,4,5,WSH,HOU,,,
,71042,2024-04-21,0,6,WSH,HOU,,,
NYY vs vs vs TB,71018,2024-04-19,5,3,NYY,TB,4.02,3.86,7.88
,71033,2024-04-20,0,2,NYY,TB,,,
,71048,2024-04-21,5,4,NYY,TB,,,
,71296,2024-05-10,2,0,TB,NYY,,,
,71311,2024-05-11,2,7,TB,NYY,,,
,71326,2024-05-12,10,6,TB,NYY,,,
,72094,2024-07-09,3,5,TB,NYY,,,
,72109,2024-07-10,2,1,TB,NYY,,,
,72122,2024-07-11,4,5,TB,NYY,,,
,72186,2024-07-19,6,1,NYY,TB,,,
,72201,2024-07-20,1,9,NYY,TB,,,
,72216,2024-07-21,4,6,NYY,TB,,,
,72229,2024-07-22,9,1,NYY,TB,,,
ATL vs vs vs TEX,71019,2024-04-19,8,3,ATL,TEX,5.1,4.03,9.13
,71034,2024-04-20,5,2,ATL,TEX,,,
,71049,2024-04-21,4,6,ATL,TEX,,,
MIL vs vs vs STL,71014,2024-04-19,2,1,STL,MIL,4.95,3.4,8.35
,71029,2024-04-20,12,5,STL,MIL,,,
,71044,2024-04-21,2,0,STL,MIL,,,
,71286,2024-05-09,7,1,MIL,STL,,,
,71299,2024-05-10,11,2,MIL,STL,,,
,71314,2024-05-11,5,3,MIL,STL,,,
,71329,2024-05-12,3,4,MIL,STL,,,
,72606,2024-08-20,3,2,STL,MIL,,,
,72621,2024-08-21,6,10,STL,MIL,,,
,72633,2024-08-22,0,3,STL,MIL,,,
,72788,2024-09-02,9,3,MIL,STL,,,
,72800,2024-09-03,4,7,MIL,STL,,,
,72815,2024-09-04,2,3,MIL,STL,,,
COL vs vs vs SEA,71017,2024-04-19,0,0,COL,SEA,0.9,4.95,5.85
,71032,2024-04-20,0,7,COL,SEA,,,
,71047,2024-04-21,2,1,COL,SEA,,,
,73727,2024-04-21,2,10,COL,SEA,,,
SD vs vs vs TOR,71020,2024-04-19,1,5,SD,TOR,2.7,4.77,7.47
,71035,2024-04-20,2,5,SD,TOR,,,
,71050,2024-04-21,6,3,SD,TOR,,,
LAD vs vs vs NYM,71015,2024-04-19,4,9,LAD,NYM,5.14,3.0,8.14
,71030,2024-04-20,4,6,LAD,NYM,,,
,71045,2024-04-21,10,0,LAD,NYM,,,
,71526,2024-05-27,0,0,NYM,LAD,,,
,71538,2024-05-28,5,2,NYM,LAD,,,
,73734,2024-05-28,3,0,NYM,LAD,,,
,71553,2024-05-29,10,3,NYM,LAD,,,
NYY vs vs vs OAK,71058,2024-04-22,0,2,NYY,OAK,4.84,2.5,7.34
,71072,2024-04-23,4,3,NYY,OAK,,,
,71087,2024-04-24,7,3,NYY,OAK,,,
,71097,2024-04-25,1,3,NYY,OAK,,,
,73022,2024-09-20,4,2,OAK,NYY,,,
,73037,2024-09-21,10,0,OAK,NYY,,,
,73052,2024-09-22,7,4,OAK,NYY,,,
MIL vs vs vs PIT,71056,2024-04-22,2,4,PIT,MIL,4.04,3.26,7.3
,71070,2024-04-23,1,2,PIT,MIL,,,
,71085,2024-04-24,3,2,PIT,MIL,,,
,71096,2024-04-25,7,5,PIT,MIL,,,
,71341,2024-05-13,6,8,MIL,PIT,,,
,71356,2024-05-14,4,3,MIL,PIT,,,
,71371,2024-05-15,10,2,MIL,PIT,,,
,72096,2024-07-09,2,12,MIL,PIT,,,
,72111,2024-07-10,9,0,MIL,PIT,,,
,72124,2024-07-11,0,1,MIL,PIT,,,
,73837,2024-09-23,0,0,PIT,MIL,,,
,73070,2024-09-24,7,2,PIT,MIL,,,
,73085,2024-09-25,1,2,PIT,MIL,,,
,73097,2024-09-26,5,2,PIT,MIL,,,
DET vs vs vs TB,71054,2024-04-22,7,1,TB,DET,4.88,2.42,7.3
,71066,2024-04-23,4,2,TB,DET,,,
,71081,2024-04-24,5,7,TB,DET,,,
,73076,2024-09-24,2,1,DET,TB,,,
,73091,2024-09-25,7,1,DET,TB,,,
,73100,2024-09-26,4,3,DET,TB,,,
KC vs vs vs TOR,71061,2024-04-22,3,5,KC,TOR,3.77,2.6,6.37
,71076,2024-04-23,3,2,KC,TOR,,,
,71091,2024-04-24,3,2,KC,TOR,,,
,71101,2024-04-25,2,1,KC,TOR,,,
,71149,2024-04-29,5,6,TOR,KC,,,
,71163,2024-04-30,4,1,TOR,KC,,,
,71178,2024-05-01,6,1,TOR,KC,,,
CHW vs vs vs MIN,71053,2024-04-22,0,7,MIN,CHW,3.21,5.91,9.12
,71065,2024-04-23,5,6,MIN,CHW,,,
,71080,2024-04-24,3,6,MIN,CHW,,,
,71093,2024-04-25,3,6,MIN,CHW,,,
,71151,2024-04-29,2,3,CHW,MIN,,,
,71165,2024-04-30,5,6,CHW,MIN,,,
,71180,2024-05-01,5,10,CHW,MIN,,,
,72082,2024-07-08,6,8,CHW,MIN,,,
,72093,2024-07-09,0,0,CHW,MIN,,,
,72108,2024-07-10,3,1,CHW,MIN,,,
,73740,2024-07-10,2,3,CHW,MIN,,,
,72362,2024-08-02,2,10,MIN,CHW,,,
,72377,2024-08-03,2,6,MIN,CHW,,,
,72392,2024-08-04,7,13,MIN,CHW,,,
COL vs vs vs SD,71060,2024-04-22,1,3,COL,SD,4.65,4.4,9.05
,71074,2024-04-23,7,4,COL,SD,,,
,71089,2024-04-24,2,5,COL,SD,,,
,71099,2024-04-25,10,9,COL,SD,,,
,71335,2024-05-13,5,4,SD,COL,,,
,71349,2024-05-14,6,3,SD,COL,,,
,71364,2024-05-15,8,0,SD,COL,,,
,72363,2024-08-02,5,2,SD,COL,,,
,72378,2024-08-03,2,3,SD,COL,,,
,72393,2024-08-04,2,10,SD,COL,,,
,72553,2024-08-16,7,3,COL,SD,,,
,72567,2024-08-17,3,8,COL,SD,,,
,72582,2024-08-18,3,2,COL,SD,,,
NYM vs vs vs SF,71057,2024-04-22,2,5,SF,NYM,3.97,5.1,9.07
,71071,2024-04-23,1,5,SF,NYM,,,
,71086,2024-04-24,8,2,SF,NYM,,,
,71488,2024-05-24,7,8,NYM,SF,,,
,71503,2024-05-25,2,7,NYM,SF,,,
,71518,2024-05-26,4,3,NYM,SF,,,
CHC vs vs vs HOU,71067,2024-04-23,7,2,CHC,HOU,4.2,2.2,6.4
,71082,2024-04-24,4,3,CHC,HOU,,,
,71094,2024-04-25,3,1,CHC,HOU,,,
SEA vs vs vs TEX,71075,2024-04-23,4,0,TEX,SEA,5.03,3.08,8.11
,71090,2024-04-24,1,5,TEX,SEA,,,
,71100,2024-04-25,4,3,TEX,SEA,,,
,71769,2024-06-14,3,2,SEA,TEX,,,
,71784,2024-06-15,7,5,SEA,TEX,,,
,71799,2024-06-16,5,0,SEA,TEX,,,
,72916,2024-09-12,4,5,SEA,TEX,,,
,72931,2024-09-13,5,4,SEA,TEX,,,
,72946,2024-09-14,5,4,SEA,TEX,,,
,72961,2024-09-15,7,0,SEA,TEX,,,
,73025,2024-09-20,8,2,TEX,SEA,,,
,73040,2024-09-21,8,4,TEX,SEA,,,
,73055,2024-09-22,5,6,TEX,SEA,,,
DET vs vs vs KC,71106,2024-04-26,0,8,DET,KC,3.4,5.64,9.04
,71121,2024-04-27,6,5,DET,KC,,,
,71136,2024-04-28,4,1,DET,KC,,,
,71432,2024-05-20,3,8,KC,DET,,,
,71445,2024-05-21,3,10,KC,DET,,,
,71460,2024-05-22,3,8,KC,DET,,,
,72356,2024-08-01,1,7,DET,KC,,,
,72364,2024-08-02,2,9,DET,KC,,,
,72379,2024-08-03,6,5,DET,KC,,,
,72394,2024-08-04,2,3,DET,KC,,,
,72964,2024-09-16,7,6,KC,DET,,,
,72976,2024-09-17,3,1,KC,DET,,,
,72991,2024-09-18,4,2,KC,DET,,,
BAL vs vs vs OAK,71110,2024-04-26,2,3,BAL,OAK,5.37,5.43,10.8
,71125,2024-04-27,7,0,BAL,OAK,,,
,71140,2024-04-28,6,7,BAL,OAK,,,
,72036,2024-07-05,3,2,OAK,BAL,,,
,72051,2024-07-06,8,19,OAK,BAL,,,
,72066,2024-07-07,6,3,OAK,BAL,,,
LAD vs vs vs TOR,71107,2024-04-26,12,2,TOR,LAD,6.23,2.1,8.33
,71122,2024-04-27,4,2,TOR,LAD,,,
,71137,2024-04-28,1,3,TOR,LAD,,,
BOS vs vs vs CHC,71103,2024-04-26,1,7,BOS,CHC,6.9,4.03,10.93
,71117,2024-04-27,17,0,BOS,CHC,,,
,71132,2024-04-28,5,4,BOS,CHC,,,
MIA vs vs vs WSH,71115,2024-04-26,1,3,MIA,WSH,2.62,5.63,8.25
,71130,2024-04-27,4,11,MIA,WSH,,,
,71145,2024-04-28,9,12,MIA,WSH,,,
,71157,2024-04-29,2,7,MIA,WSH,,,
,71761,2024-06-14,1,8,WSH,MIA,,,
,71776,2024-06-15,0,4,WSH,MIA,,,
,71791,2024-06-16,1,3,WSH,MIA,,,
,72801,2024-09-03,2,6,MIA,WSH,,,
,72816,2024-09-04,4,3,MIA,WSH,,,
,72912,2024-09-12,6,3,WSH,MIA,,,
,72924,2024-09-13,1,4,WSH,MIA,,,
,72939,2024-09-14,1,4,WSH,MIA,,,
,72954,2024-09-15,3,4,WSH,MIA,,,
NYM vs vs vs STL,71113,2024-04-26,2,4,NYM,STL,3.96,3.07,7.03
,71128,2024-04-27,4,7,NYM,STL,,,
,71143,2024-04-28,4,2,NYM,STL,,,
,71244,2024-05-06,4,3,STL,NYM,,,
,71258,2024-05-07,7,5,STL,NYM,,,
,71273,2024-05-08,0,0,STL,NYM,,,
,73729,2024-08-05,6,0,STL,NYM,,,
ATL vs vs vs CLE,71105,2024-04-26,6,2,ATL,CLE,3.6,3.3,6.9
,71119,2024-04-27,2,4,ATL,CLE,,,
,71134,2024-04-28,4,3,ATL,CLE,,,
CHW vs vs vs TB,71114,2024-04-26,9,4,CHW,TB,4.43,4.48,8.91
,71129,2024-04-27,8,7,CHW,TB,,,
,71144,2024-04-28,4,2,CHW,TB,,,
,71240,2024-05-06,2,8,TB,CHW,,,
,71253,2024-05-07,1,5,TB,CHW,,,
,71268,2024-05-08,4,1,TB,CHW,,,
CIN vs vs vs TEX,71104,2024-04-26,1,2,TEX,CIN,4.4,3.0,7.4
,71118,2024-04-27,8,4,TEX,CIN,,,
,71133,2024-04-28,3,4,TEX,CIN,,,
MIL vs vs vs NYY,71109,2024-04-26,7,6,MIL,NYY,4.5,13.2,17.7
,71124,2024-04-27,3,15,MIL,NYY,,,
,71139,2024-04-28,5,15,MIL,NYY,,,
LAA vs vs vs MIN,71108,2024-04-26,3,5,LAA,MIN,4.7,8.57,13.27
,71123,2024-04-27,5,16,LAA,MIN,,,
,71138,2024-04-28,5,11,LAA,MIN,,,
,72871,2024-09-09,6,2,MIN,LAA,,,
,72879,2024-09-10,5,10,MIN,LAA,,,
,72894,2024-09-11,4,6,MIN,LAA,,,
PHI vs vs vs SD,71111,2024-04-26,9,3,SD,PHI,6.28,3.33,9.61
,71126,2024-04-27,5,1,SD,PHI,,,
,71141,2024-04-28,8,6,SD,PHI,,,
,71806,2024-06-17,9,2,PHI,SD,,,
,71819,2024-06-18,4,3,PHI,SD,,,
,71834,2024-06-19,2,5,PHI,SD,,,
ARI vs vs vs SEA,71102,2024-04-26,1,6,SEA,ARI,1.83,3.3,5.13
,71116,2024-04-27,1,3,SEA,ARI,,,
,71131,2024-04-28,3,2,SEA,ARI,,,
PIT vs vs vs SF,71112,2024-04-26,0,3,SF,PIT,3.8,5.38,9.18
,71127,2024-04-27,4,3,SF,PIT,,,
,71142,2024-04-28,2,3,SF,PIT,,,
,71451,2024-05-21,7,6,PIT,SF,,,
,71466,2024-05-22,5,9,PIT,SF,,,
,71473,2024-05-23,6,7,PIT,SF,,,
COL vs vs vs HOU,71120,2024-04-27,4,12,COL,HOU,2.18,8.2,10.38
,71135,2024-04-28,2,8,COL,HOU,,,
,71906,2024-06-25,2,5,HOU,COL,,,
,71921,2024-06-26,1,7,HOU,COL,,,
BAL vs vs vs NYY,71152,2024-04-29,2,0,BAL,NYY,4.92,4.2,9.12
,71166,2024-04-30,4,2,BAL,NYY,,,
,71181,2024-05-01,0,2,BAL,NYY,,,
,71191,2024-05-02,7,2,BAL,NYY,,,
,71810,2024-06-18,2,4,NYY,BAL,,,
,71825,2024-06-19,7,6,NYY,BAL,,,
,71840,2024-06-20,17,5,NYY,BAL,,,
,72136,2024-07-12,1,4,BAL,NYY,,,
,72151,2024-07-13,1,6,BAL,NYY,,,
,72166,2024-07-14,6,5,BAL,NYY,,,
,73064,2024-09-24,5,3,NYY,BAL,,,
,73079,2024-09-25,9,7,NYY,BAL,,,
,73094,2024-09-26,1,10,NYY,BAL,,,
DET vs vs vs STL,71155,2024-04-29,0,0,DET,STL,3.6,2.48,6.08
,71170,2024-04-30,1,2,DET,STL,,,
,73728,2024-04-30,11,6,DET,STL,,,
,71185,2024-05-01,4,1,DET,STL,,,
CHC vs vs vs NYM,71147,2024-04-29,3,1,NYM,CHC,3.3,4.21,7.51
,71159,2024-04-30,2,4,NYM,CHC,,,
,71174,2024-05-01,1,0,NYM,CHC,,,
,71188,2024-05-02,6,7,NYM,CHC,,,
,71857,2024-06-21,1,11,CHC,NYM,,,
,71871,2024-06-22,8,1,CHC,NYM,,,
,71885,2024-06-23,2,5,CHC,NYM,,,
MIL vs vs vs TB,71156,2024-04-29,0,1,MIL,TB,4.5,1.47,5.97
,71171,2024-04-30,8,2,MIL,TB,,,
,71186,2024-05-01,7,1,MIL,TB,,,
LAA vs vs vs PHI,71153,2024-04-29,6,5,LAA,PHI,3.6,5.13,8.73
,71167,2024-04-30,5,7,LAA,PHI,,,
,71182,2024-05-01,1,2,LAA,PHI,,,
ARI vs vs vs LAD,71150,2024-04-29,4,8,ARI,LAD,6.62,5.84,12.46
,71164,2024-04-30,4,3,ARI,LAD,,,
,71179,2024-05-01,0,8,ARI,LAD,,,
,71428,2024-05-20,4,6,LAD,ARI,,,
,71439,2024-05-21,7,3,LAD,ARI,,,
,71454,2024-05-22,6,0,LAD,ARI,,,
,71990,2024-07-02,5,6,LAD,ARI,,,
,72005,2024-07-03,12,4,LAD,ARI,,,
,72020,2024-07-04,9,3,LAD,ARI,,,
,72738,2024-08-30,9,10,ARI,LAD,,,
,72753,2024-08-31,6,8,ARI,LAD,,,
,72768,2024-09-01,14,3,ARI,LAD,,,
,72783,2024-09-02,6,11,ARI,LAD,,,
OAK vs vs vs PIT,71154,2024-04-29,5,1,OAK,PIT,4.2,1.1,5.3
,71168,2024-04-30,5,2,OAK,PIT,,,
,71183,2024-05-01,4,0,OAK,PIT,,,
CIN vs vs vs SD,71148,2024-04-29,5,2,SD,CIN,3.37,4.48,7.85
,71160,2024-04-30,4,6,SD,CIN,,,
,71175,2024-05-01,2,6,SD,CIN,,,
,71449,2024-05-21,2,0,CIN,SD,,,
,71464,2024-05-22,3,7,CIN,SD,,,
,71471,2024-05-23,4,6,CIN,SD,,,
ATL vs vs vs SEA,71146,2024-04-29,1,2,SEA,ATL,2.93,2.1,5.03
,71158,2024-04-30,2,3,SEA,ATL,,,
,71173,2024-05-01,5,2,SEA,ATL,,,
COL vs vs vs MIA,71162,2024-04-30,6,7,MIA,COL,5.2,5.99,11.19
,71177,2024-05-01,1,4,MIA,COL,,,
,71190,2024-05-02,4,5,MIA,COL,,,
,72687,2024-08-26,3,2,COL,MIA,,,
,72698,2024-08-27,8,9,COL,MIA,,,
,72713,2024-08-28,8,2,COL,MIA,,,
,72726,2024-08-29,8,12,COL,MIA,,,
BOS vs vs vs SF,71169,2024-04-30,4,0,BOS,SF,3.3,1.83,5.13
,71184,2024-05-01,6,2,BOS,SF,,,
,71192,2024-05-02,1,3,BOS,SF,,,
TEX vs vs vs WSH,71172,2024-04-30,7,1,TEX,WSH,3.9,0.73,4.63
,71187,2024-05-01,0,1,TEX,WSH,,,
,71193,2024-05-02,6,0,TEX,WSH,,,
CLE vs vs vs HOU,71161,2024-04-30,9,10,HOU,CLE,3.32,4.65,7.97
,71176,2024-05-01,3,2,HOU,CLE,,,
,71189,2024-05-02,2,8,HOU,CLE,,,
,73105,2024-09-27,2,5,CLE,HOU,,,
,73120,2024-09-28,3,4,CLE,HOU,,,
,73135,2024-09-29,0,0,CLE,HOU,,,
ATL vs vs vs PIT,73833,2024-05-02,0,0,PIT,ATL,3.49,3.0,6.49
,71476,2024-05-24,5,11,PIT,ATL,,,
,71491,2024-05-25,1,4,PIT,ATL,,,
,71506,2024-05-26,8,1,PIT,ATL,,,
,71952,2024-06-28,6,1,ATL,PIT,,,
,71967,2024-06-29,2,1,ATL,PIT,,,
,71982,2024-06-30,2,4,ATL,PIT,,,
CHC vs vs vs MIL,71202,2024-05-03,1,3,CHC,MIL,3.29,3.73,7.02
,71217,2024-05-04,6,5,CHC,MIL,,,
,71232,2024-05-05,5,0,CHC,MIL,,,
,71522,2024-05-27,1,5,MIL,CHC,,,
,71534,2024-05-28,6,3,MIL,CHC,,,
,71549,2024-05-29,6,10,MIL,CHC,,,
,71563,2024-05-30,4,6,MIL,CHC,,,
,71941,2024-06-28,2,4,MIL,CHC,,,
,71956,2024-06-29,5,3,MIL,CHC,,,
,71971,2024-06-30,1,7,MIL,CHC,,,
,72224,2024-07-22,3,1,CHC,MIL,,,
,72238,2024-07-23,0,1,CHC,MIL,,,
,72253,2024-07-24,2,3,CHC,MIL,,,
BAL vs vs vs CIN,71196,2024-05-03,3,0,CIN,BAL,5.87,0.6,6.47
,71211,2024-05-04,2,1,CIN,BAL,,,
,71226,2024-05-05,11,1,CIN,BAL,,,
PHI vs vs vs SF,71206,2024-05-03,4,3,PHI,SF,5.3,3.01,8.31
,71221,2024-05-04,14,3,PHI,SF,,,
,71236,2024-05-05,5,4,PHI,SF,,,
,71247,2024-05-06,6,1,PHI,SF,,,
,71528,2024-05-27,4,8,SF,PHI,,,
,71542,2024-05-28,0,1,SF,PHI,,,
,71557,2024-05-29,6,1,SF,PHI,,,
COL vs vs vs PIT,71199,2024-05-03,3,2,PIT,COL,4.1,4.32,8.42
,71214,2024-05-04,0,1,PIT,COL,,,
,71229,2024-05-05,3,5,PIT,COL,,,
,71765,2024-06-14,2,5,COL,PIT,,,
,71780,2024-06-15,16,4,COL,PIT,,,
,71795,2024-06-16,2,8,COL,PIT,,,
TOR vs vs vs WSH,71208,2024-05-03,3,9,WSH,TOR,6.23,6.9,13.13
,71223,2024-05-04,6,3,WSH,TOR,,,
,71238,2024-05-05,8,11,WSH,TOR,,,
NYM vs vs vs TB,71203,2024-05-03,8,10,TB,NYM,5.5,6.0,11.5
,71218,2024-05-04,1,3,TB,NYM,,,
,71233,2024-05-05,6,7,TB,NYM,,,
DET vs vs vs NYY,71200,2024-05-03,1,2,NYY,DET,2.15,2.72,4.87
,71215,2024-05-04,3,5,NYY,DET,,,
,71230,2024-05-05,2,5,NYY,DET,,,
,72552,2024-08-16,0,3,DET,NYY,,,
,72566,2024-08-17,4,0,DET,NYY,,,
,72581,2024-08-18,3,2,DET,NYY,,,
CLE vs vs vs LAA,71194,2024-05-03,0,6,CLE,LAA,5.13,3.12,8.25
,71209,2024-05-04,7,1,CLE,LAA,,,
,71224,2024-05-05,4,1,CLE,LAA,,,
,71479,2024-05-24,10,4,LAA,CLE,,,
,71494,2024-05-25,4,3,LAA,CLE,,,
,71509,2024-05-26,5,4,LAA,CLE,,,
KC vs vs vs TEX,71207,2024-05-03,7,1,KC,TEX,2.32,5.88,8.2
,71222,2024-05-04,4,15,KC,TEX,,,
,71237,2024-05-05,2,3,KC,TEX,,,
,71854,2024-06-21,2,6,TEX,KC,,,
,71868,2024-06-22,0,6,TEX,KC,,,
,71882,2024-06-23,0,4,TEX,KC,,,
HOU vs vs vs SEA,71205,2024-05-03,5,3,HOU,SEA,2.73,3.72,6.45
,71220,2024-05-04,0,5,HOU,SEA,,,
,71235,2024-05-05,4,5,HOU,SEA,,,
,71524,2024-05-27,2,3,SEA,HOU,,,
,71536,2024-05-28,2,4,SEA,HOU,,,
,71551,2024-05-29,1,2,SEA,HOU,,,
,71565,2024-05-30,4,0,SEA,HOU,,,
,72180,2024-07-19,3,0,SEA,HOU,,,
,72194,2024-07-20,4,2,SEA,HOU,,,
,72209,2024-07-21,4,6,SEA,HOU,,,
,73061,2024-09-23,1,6,HOU,SEA,,,
,73073,2024-09-24,4,3,HOU,SEA,,,
,73088,2024-09-25,1,8,HOU,SEA,,,
BOS vs vs vs MIN,71197,2024-05-03,2,5,MIN,BOS,4.33,2.54,6.87
,71212,2024-05-04,1,3,MIN,BOS,,,
,71227,2024-05-05,9,2,MIN,BOS,,,
,73021,2024-09-20,2,4,BOS,MIN,,,
,73036,2024-09-21,0,0,BOS,MIN,,,
,73051,2024-09-22,8,1,BOS,MIN,,,
,73771,2024-09-22,9,3,BOS,MIN,,,
CHW vs vs vs STL,71198,2024-05-03,0,3,STL,CHW,4.03,2.7,6.73
,71213,2024-05-04,6,5,STL,CHW,,,
,71228,2024-05-05,5,1,STL,CHW,,,
ARI vs vs vs SD,71204,2024-05-03,1,7,ARI,SD,5.34,6.16,11.5
,71219,2024-05-04,1,13,ARI,SD,,,
,71234,2024-05-05,11,4,ARI,SD,,,
,71653,2024-06-06,4,3,SD,ARI,,,
,71663,2024-06-07,3,10,SD,ARI,,,
,71677,2024-06-08,1,13,SD,ARI,,,
,71692,2024-06-09,9,3,SD,ARI,,,
,72035,2024-07-05,8,10,SD,ARI,,,
,72050,2024-07-06,7,5,SD,ARI,,,
,72065,2024-07-07,9,1,SD,ARI,,,
,73113,2024-09-27,3,5,ARI,SD,,,
,73128,2024-09-28,0,5,ARI,SD,,,
,73143,2024-09-29,11,2,ARI,SD,,,
MIA vs vs vs OAK,71201,2024-05-03,1,3,OAK,MIA,6.23,7.8,14.03
,71216,2024-05-04,4,20,OAK,MIA,,,
,71231,2024-05-05,12,3,OAK,MIA,,,
ATL vs vs vs LAD,71195,2024-05-03,3,4,LAD,ATL,3.26,5.87,9.13
,71210,2024-05-04,2,11,LAD,ATL,,,
,71225,2024-05-05,1,5,LAD,ATL,,,
,72923,2024-09-13,6,2,ATL,LAD,,,
,72938,2024-09-14,10,1,ATL,LAD,,,
,72953,2024-09-15,2,9,ATL,LAD,,,
,72966,2024-09-16,0,9,ATL,LAD,,,
CLE vs vs vs DET,71241,2024-05-06,2,1,CLE,DET,3.88,4.65,8.53
,71254,2024-05-07,7,11,CLE,DET,,,
,71269,2024-05-08,5,4,CLE,DET,,,
,72080,2024-07-08,0,1,DET,CLE,,,
,72088,2024-07-09,9,8,DET,CLE,,,
,72103,2024-07-10,4,5,DET,CLE,,,
,72118,2024-07-11,1,10,DET,CLE,,,
,72222,2024-07-22,2,8,CLE,DET,,,
,72236,2024-07-23,5,4,CLE,DET,,,
,72251,2024-07-24,2,1,CLE,DET,,,
,72263,2024-07-25,0,3,CLE,DET,,,
,72316,2024-07-29,8,4,DET,CLE,,,
,72327,2024-07-30,5,0,DET,CLE,,,
LAA vs vs vs PIT,71239,2024-05-06,1,4,PIT,LAA,5.5,2.4,7.9
,71249,2024-05-07,9,0,PIT,LAA,,,
,71264,2024-05-08,5,4,PIT,LAA,,,
KC vs vs vs MIL,71243,2024-05-06,3,2,KC,MIL,4.2,4.4,8.6
,71257,2024-05-07,5,6,KC,MIL,,,
,71272,2024-05-08,6,4,KC,MIL,,,
MIN vs vs vs SEA,71246,2024-05-06,3,1,MIN,SEA,5.23,3.26,8.49
,71260,2024-05-07,6,10,MIN,SEA,,,
,71275,2024-05-08,6,3,MIN,SEA,,,
,71284,2024-05-09,11,1,MIN,SEA,,,
,71949,2024-06-28,2,3,SEA,MIN,,,
,71964,2024-06-29,5,1,SEA,MIN,,,
,71979,2024-06-30,5,3,SEA,MIN,,,
LAD vs vs vs MIA,71242,2024-05-06,6,3,LAD,MIA,9.33,3.95,13.28
,71256,2024-05-07,8,2,LAD,MIA,,,
,71271,2024-05-08,3,1,LAD,MIA,,,
,72978,2024-09-17,9,11,MIA,LAD,,,
,72993,2024-09-18,8,4,MIA,LAD,,,
,73006,2024-09-19,20,4,MIA,LAD,,,
ARI vs vs vs CIN,71250,2024-05-07,6,2,CIN,ARI,4.25,3.55,7.8
,71265,2024-05-08,4,3,CIN,ARI,,,
,71280,2024-05-09,5,4,CIN,ARI,,,
,71333,2024-05-13,6,5,ARI,CIN,,,
,71347,2024-05-14,2,6,ARI,CIN,,,
,71362,2024-05-15,2,1,ARI,CIN,,,
PHI vs vs vs TOR,71263,2024-05-07,10,1,PHI,TOR,6.78,4.12,10.9
,71279,2024-05-08,3,5,PHI,TOR,,,
,72797,2024-09-03,10,9,TOR,PHI,,,
,72812,2024-09-04,4,2,TOR,PHI,,,
BAL vs vs vs WSH,71251,2024-05-07,0,3,WSH,BAL,3.5,4.78,8.28
,71266,2024-05-08,7,6,WSH,BAL,,,
,72520,2024-08-13,3,9,BAL,WSH,,,
,72535,2024-08-14,4,1,BAL,WSH,,,
ATL vs vs vs BOS,71252,2024-05-07,4,2,ATL,BOS,4.22,3.25,7.47
,71267,2024-05-08,5,0,ATL,BOS,,,
,71623,2024-06-04,8,3,BOS,ATL,,,
,71638,2024-06-05,0,9,BOS,ATL,,,
COL vs vs vs SF,71261,2024-05-07,0,5,COL,SF,3.55,5.62,9.17
,71276,2024-05-08,6,8,COL,SF,,,
,71285,2024-05-09,9,1,COL,SF,,,
,71386,2024-05-17,5,10,SF,COL,,,
,71401,2024-05-18,4,14,SF,COL,,,
,71416,2024-05-19,1,4,SF,COL,,,
,72184,2024-07-19,7,3,COL,SF,,,
,72199,2024-07-20,4,3,COL,SF,,,
,72214,2024-07-21,2,3,COL,SF,,,
,72272,2024-07-26,4,11,SF,COL,,,
,73708,2024-07-27,1,4,SF,COL,,,
,73714,2024-07-27,0,5,SF,COL,,,
,72303,2024-07-28,4,5,SF,COL,,,
KC vs vs vs LAA,71283,2024-05-09,10,4,LAA,KC,4.66,3.94,8.6
,71293,2024-05-10,2,1,LAA,KC,,,
,71308,2024-05-11,3,9,LAA,KC,,,
,71323,2024-05-12,4,2,LAA,KC,,,
,72587,2024-08-19,5,3,KC,LAA,,,
,72597,2024-08-20,5,9,KC,LAA,,,
,72612,2024-08-21,3,0,KC,LAA,,,
DET vs vs vs HOU,71292,2024-05-10,2,5,DET,HOU,4.52,4.88,9.4
,71307,2024-05-11,8,2,DET,HOU,,,
,71322,2024-05-12,3,9,DET,HOU,,,
,71759,2024-06-14,0,4,HOU,DET,,,
,71774,2024-06-15,13,5,HOU,DET,,,
,71789,2024-06-16,1,4,HOU,DET,,,
CHC vs vs vs PIT,71289,2024-05-10,7,2,PIT,CHC,6.98,4.98,11.96
,71304,2024-05-11,9,10,PIT,CHC,,,
,71319,2024-05-12,5,4,PIT,CHC,,,
,71380,2024-05-16,4,5,CHC,PIT,,,
,71392,2024-05-17,3,9,CHC,PIT,,,
,71407,2024-05-18,1,0,CHC,PIT,,,
,71422,2024-05-19,2,3,CHC,PIT,,,
,72683,2024-08-26,18,8,PIT,CHC,,,
,72695,2024-08-27,9,5,PIT,CHC,,,
,72710,2024-08-28,14,10,PIT,CHC,,,
,72786,2024-09-02,3,5,CHC,PIT,,,
,72798,2024-09-03,0,5,CHC,PIT,,,
,72813,2024-09-04,12,0,CHC,PIT,,,
ARI vs vs vs BAL,71287,2024-05-10,2,4,BAL,ARI,5.5,3.3,8.8
,71302,2024-05-11,4,5,BAL,ARI,,,
,71317,2024-05-12,9,2,BAL,ARI,,,
MIN vs vs vs TOR,71295,2024-05-10,3,2,TOR,MIN,3.83,5.25,9.08
,71310,2024-05-11,8,10,TOR,MIN,,,
,71325,2024-05-12,5,1,TOR,MIN,,,
,72747,2024-08-30,2,0,MIN,TOR,,,
,72762,2024-08-31,0,15,MIN,TOR,,,
,72777,2024-09-01,4,3,MIN,TOR,,,
BOS vs vs vs WSH,71301,2024-05-10,1,5,BOS,WSH,2.4,3.3,5.7
,71316,2024-05-11,4,2,BOS,WSH,,,
,71331,2024-05-12,3,2,BOS,WSH,,,
MIA vs vs vs PHI,71298,2024-05-10,2,8,MIA,PHI,4.62,5.81,10.43
,71313,2024-05-11,3,8,MIA,PHI,,,
,71328,2024-05-12,7,6,MIA,PHI,,,
,71937,2024-06-27,7,4,PHI,MIA,,,
,71948,2024-06-28,0,2,PHI,MIA,,,
,71963,2024-06-29,3,2,PHI,MIA,,,
,71978,2024-06-30,6,7,PHI,MIA,,,
,72512,2024-08-13,5,0,PHI,MIA,,,
,72527,2024-08-14,5,9,PHI,MIA,,,
,72823,2024-09-05,2,5,MIA,PHI,,,
,72835,2024-09-06,2,16,MIA,PHI,,,
,72850,2024-09-07,9,5,MIA,PHI,,,
,72865,2024-09-08,10,1,MIA,PHI,,,
COL vs vs vs TEX,71300,2024-05-10,4,2,COL,TEX,4.5,2.2,6.7
,71315,2024-05-11,8,3,COL,TEX,,,
,71330,2024-05-12,3,1,COL,TEX,,,
OAK vs vs vs SEA,71297,2024-05-10,1,8,SEA,OAK,3.33,5.26,8.59
,71312,2024-05-11,8,1,SEA,OAK,,,
,71327,2024-05-12,4,8,SEA,OAK,,,
,71634,2024-06-04,3,4,OAK,SEA,,,
,71649,2024-06-05,2,1,OAK,SEA,,,
,71662,2024-06-06,0,3,OAK,SEA,,,
,72787,2024-09-02,5,4,OAK,SEA,,,
,72799,2024-09-03,3,2,OAK,SEA,,,
,72814,2024-09-04,3,16,OAK,SEA,,,
,72824,2024-09-05,4,6,OAK,SEA,,,
,73110,2024-09-27,0,2,SEA,OAK,,,
,73125,2024-09-28,6,7,SEA,OAK,,,
,73140,2024-09-29,4,6,SEA,OAK,,,
CIN vs vs vs SF,71290,2024-05-10,4,2,SF,CIN,3.03,4.7,7.73
,71305,2024-05-11,1,5,SF,CIN,,,
,71320,2024-05-12,5,6,SF,CIN,,,
,72370,2024-08-02,0,3,CIN,SF,,,
,72385,2024-08-03,6,4,CIN,SF,,,
,72400,2024-08-04,2,8,CIN,SF,,,
BAL vs vs vs TOR,71344,2024-05-13,2,3,BAL,TOR,5.38,3.62,9.0
,71359,2024-05-14,0,0,BAL,TOR,,,
,71374,2024-05-15,3,2,BAL,TOR,,,
,71615,2024-06-03,7,2,TOR,BAL,,,
,71624,2024-06-04,10,1,TOR,BAL,,,
,71639,2024-06-05,2,3,TOR,BAL,,,
,71655,2024-06-06,5,6,TOR,BAL,,,
,72323,2024-07-29,11,5,BAL,TOR,,,
,73731,2024-07-29,4,8,BAL,TOR,,,
,72338,2024-07-30,6,2,BAL,TOR,,,
,72352,2024-07-31,10,4,BAL,TOR,,,
,72414,2024-08-06,2,5,TOR,BAL,,,
,72429,2024-08-07,7,3,TOR,BAL,,,
,72443,2024-08-08,6,7,TOR,BAL,,,
DET vs vs vs MIA,71338,2024-05-13,6,5,DET,MIA,1.8,2.93,4.73
,71352,2024-05-14,0,1,DET,MIA,,,
,71367,2024-05-15,0,2,DET,MIA,,,
BOS vs vs vs TB,71343,2024-05-13,3,5,BOS,TB,3.47,3.78,7.25
,71358,2024-05-14,5,4,BOS,TB,,,
,71373,2024-05-15,3,4,BOS,TB,,,
,71381,2024-05-16,5,7,BOS,TB,,,
,71430,2024-05-20,5,0,TB,BOS,,,
,71442,2024-05-21,5,2,TB,BOS,,,
,71457,2024-05-22,8,5,TB,BOS,,,
,72974,2024-09-17,3,8,TB,BOS,,,
,72989,2024-09-18,2,1,TB,BOS,,,
,73005,2024-09-19,0,2,TB,BOS,,,
,73115,2024-09-27,1,2,BOS,TB,,,
,73130,2024-09-28,2,7,BOS,TB,,,
,73145,2024-09-29,3,1,BOS,TB,,,
NYM vs vs vs PHI,71340,2024-05-13,4,5,NYM,PHI,4.59,5.36,9.95
,71355,2024-05-14,0,4,NYM,PHI,,,
,71369,2024-05-15,5,10,PHI,NYM,,,
,71378,2024-05-16,6,5,PHI,NYM,,,
,71688,2024-06-08,2,7,NYM,PHI,,,
,71703,2024-06-09,6,5,PHI,NYM,,,
,72926,2024-09-13,11,3,PHI,NYM,,,
,72941,2024-09-14,4,6,PHI,NYM,,,
,72956,2024-09-15,1,2,PHI,NYM,,,
,73009,2024-09-19,10,6,NYM,PHI,,,
,73023,2024-09-20,2,12,NYM,PHI,,,
,73038,2024-09-21,6,3,NYM,PHI,,,
,73053,2024-09-22,2,1,NYM,PHI,,,
ATL vs vs vs CHC,71332,2024-05-13,2,0,ATL,CHC,4.25,2.18,6.43
,71346,2024-05-14,7,0,ATL,CHC,,,
,71361,2024-05-15,1,7,ATL,CHC,,,
,71440,2024-05-21,3,4,CHC,ATL,,,
,71455,2024-05-22,9,2,CHC,ATL,,,
,71468,2024-05-23,3,0,CHC,ATL,,,
CHW vs vs vs WSH,71345,2024-05-13,0,0,CHW,WSH,2.03,1.65,3.68
,71360,2024-05-14,3,6,CHW,WSH,,,
,73730,2024-05-14,4,0,CHW,WSH,,,
,71375,2024-05-15,2,0,CHW,WSH,,,
CLE vs vs vs TEX,71334,2024-05-13,7,0,TEX,CLE,5.57,3.4,8.97
,71348,2024-05-14,7,4,TEX,CLE,,,
,71363,2024-05-15,0,4,TEX,CLE,,,
,72650,2024-08-23,3,5,CLE,TEX,,,
,72665,2024-08-24,13,5,CLE,TEX,,,
,72680,2024-08-25,4,2,CLE,TEX,,,
HOU vs vs vs OAK,71339,2024-05-13,9,2,HOU,OAK,4.28,2.81,7.09
,71354,2024-05-14,2,1,HOU,OAK,,,
,71370,2024-05-15,3,0,HOU,OAK,,,
,71379,2024-05-16,8,1,HOU,OAK,,,
,71480,2024-05-24,6,3,OAK,HOU,,,
,71495,2024-05-25,1,3,OAK,HOU,,,
,71510,2024-05-26,5,2,OAK,HOU,,,
,72223,2024-07-22,0,4,OAK,HOU,,,
,72237,2024-07-23,2,8,OAK,HOU,,,
,72252,2024-07-24,8,1,OAK,HOU,,,
,72890,2024-09-10,3,4,HOU,OAK,,,
,72905,2024-09-11,4,5,HOU,OAK,,,
,72914,2024-09-12,6,3,HOU,OAK,,,
LAA vs vs vs STL,71342,2024-05-13,5,10,LAA,STL,5.4,6.97,12.37
,71357,2024-05-14,6,7,LAA,STL,,,
,71372,2024-05-15,7,2,LAA,STL,,,
KC vs vs vs SEA,71336,2024-05-13,2,6,SEA,KC,4.92,5.28,10.2
,71350,2024-05-14,4,2,SEA,KC,,,
,71365,2024-05-15,2,4,SEA,KC,,,
,71674,2024-06-07,10,9,KC,SEA,,,
,71689,2024-06-08,8,4,KC,SEA,,,
,71704,2024-06-09,5,6,KC,SEA,,,
MIN vs vs vs NYY,71353,2024-05-14,1,5,MIN,NYY,2.17,5.87,8.04
,71368,2024-05-15,0,4,MIN,NYY,,,
,71377,2024-05-16,0,5,MIN,NYY,,,
,71631,2024-06-04,1,5,NYY,MIN,,,
,71646,2024-06-05,5,9,NYY,MIN,,,
,71661,2024-06-06,5,8,NYY,MIN,,,
CIN vs vs vs LAD,71376,2024-05-16,7,2,LAD,CIN,3.94,3.31,7.25
,71385,2024-05-17,3,7,LAD,CIN,,,
,71400,2024-05-18,0,4,LAD,CIN,,,
,71415,2024-05-19,2,3,LAD,CIN,,,
,71482,2024-05-24,9,6,CIN,LAD,,,
,71497,2024-05-25,3,1,CIN,LAD,,,
,71512,2024-05-26,4,1,CIN,LAD,,,
BAL vs vs vs SEA,71394,2024-05-17,9,2,BAL,SEA,4.35,2.85,7.2
,71409,2024-05-18,3,4,BAL,SEA,,,
,71424,2024-05-19,6,3,BAL,SEA,,,
,71991,2024-07-02,2,0,SEA,BAL,,,
,72006,2024-07-03,4,1,SEA,BAL,,,
,72021,2024-07-04,3,7,SEA,BAL,,,
CHW vs vs vs NYY,71384,2024-05-17,2,4,NYY,CHW,3.17,5.48,8.65
,71399,2024-05-18,1,6,NYY,CHW,,,
,71414,2024-05-19,2,7,NYY,CHW,,,
,72501,2024-08-12,12,2,CHW,NYY,,,
,72513,2024-08-13,1,4,CHW,NYY,,,
,72528,2024-08-14,2,10,CHW,NYY,,,
MIA vs vs vs NYM,71390,2024-05-17,8,0,MIA,NYM,3.78,4.39,8.17
,71405,2024-05-18,10,9,MIA,NYM,,,
,71420,2024-05-19,3,7,MIA,NYM,,,
,71721,2024-06-11,4,2,NYM,MIA,,,
,71736,2024-06-12,4,10,NYM,MIA,,,
,71748,2024-06-13,2,3,NYM,MIA,,,
,72181,2024-07-19,6,4,MIA,NYM,,,
,72196,2024-07-20,0,1,MIA,NYM,,,
,72211,2024-07-21,4,2,MIA,NYM,,,
,72225,2024-07-22,4,6,MIA,NYM,,,
,72550,2024-08-16,3,7,NYM,MIA,,,
,72564,2024-08-17,0,4,NYM,MIA,,,
,72579,2024-08-18,3,2,NYM,MIA,,,
ATL vs vs vs SD,71393,2024-05-17,1,3,ATL,SD,2.78,3.38,6.16
,71408,2024-05-18,0,0,ATL,SD,,,
,71423,2024-05-19,1,9,ATL,SD,,,
,71436,2024-05-20,5,6,ATL,SD,,,
,73732,2024-05-20,3,0,ATL,SD,,,
,72128,2024-07-12,6,1,SD,ATL,,,
,72143,2024-07-13,0,4,SD,ATL,,,
,72158,2024-07-14,6,3,SD,ATL,,,
KC vs vs vs OAK,71391,2024-05-17,6,2,KC,OAK,4.5,3.75,8.25
,71406,2024-05-18,5,3,KC,OAK,,,
,71421,2024-05-19,8,4,KC,OAK,,,
,71815,2024-06-18,5,7,OAK,KC,,,
,71830,2024-06-19,1,5,OAK,KC,,,
,71842,2024-06-20,3,2,OAK,KC,,,
LAA vs vs vs TEX,71382,2024-05-17,9,3,TEX,LAA,4.18,4.88,9.06
,71397,2024-05-18,2,3,TEX,LAA,,,
,71412,2024-05-19,4,1,TEX,LAA,,,
,72085,2024-07-08,4,9,LAA,TEX,,,
,72098,2024-07-09,4,5,LAA,TEX,,,
,72113,2024-07-10,7,2,LAA,TEX,,,
,72817,2024-09-05,1,3,TEX,LAA,,,
,72826,2024-09-06,5,1,TEX,LAA,,,
,72841,2024-09-07,4,6,TEX,LAA,,,
,72856,2024-09-08,4,7,TEX,LAA,,,
,73116,2024-09-27,2,5,LAA,TEX,,,
,73131,2024-09-28,8,9,LAA,TEX,,,
,73146,2024-09-29,0,8,LAA,TEX,,,
HOU vs vs vs MIL,71388,2024-05-17,5,4,HOU,MIL,4.8,4.4,9.2
,71403,2024-05-18,2,4,HOU,MIL,,,
,71418,2024-05-19,9,4,HOU,MIL,,,
BOS vs vs vs STL,71383,2024-05-17,6,10,STL,BOS,6.97,6.0,12.97
,71398,2024-05-18,2,7,STL,BOS,,,
,71413,2024-05-19,11,3,STL,BOS,,,
ARI vs vs vs DET,71387,2024-05-17,0,13,ARI,DET,2.7,9.17,11.87
,71402,2024-05-18,3,8,ARI,DET,,,
,71417,2024-05-19,6,4,ARI,DET,,,
CHW vs vs vs TOR,71431,2024-05-20,3,9,TOR,CHW,2.43,5.45,7.88
,71443,2024-05-21,5,0,TOR,CHW,,,
,71458,2024-05-22,2,9,TOR,CHW,,,
,71530,2024-05-27,1,5,CHW,TOR,,,
,71545,2024-05-28,2,7,CHW,TOR,,,
,71560,2024-05-29,1,3,CHW,TOR,,,
CLE vs vs vs NYM,71435,2024-05-20,3,1,CLE,NYM,4.8,3.67,8.47
,71448,2024-05-21,7,6,CLE,NYM,,,
,71463,2024-05-22,6,3,CLE,NYM,,,
MIA vs vs vs MIL,71433,2024-05-20,3,2,MIA,MIL,4.1,3.3,7.4
,71446,2024-05-21,5,7,MIA,MIL,,,
,71461,2024-05-22,1,0,MIA,MIL,,,
,72274,2024-07-26,6,2,MIL,MIA,,,
,72290,2024-07-27,7,3,MIL,MIA,,,
,72305,2024-07-28,2,6,MIL,MIA,,,
MIN vs vs vs WSH,71434,2024-05-20,3,12,WSH,MIN,5.87,4.2,10.07
,71447,2024-05-21,10,0,WSH,MIN,,,
,71462,2024-05-22,3,2,WSH,MIN,,,
NYY vs vs vs SEA,71437,2024-05-20,4,5,NYY,SEA,4.8,2.97,7.77
,71450,2024-05-21,3,6,NYY,SEA,,,
,71465,2024-05-22,7,3,NYY,SEA,,,
,71472,2024-05-23,5,0,NYY,SEA,,,
,72980,2024-09-17,11,2,SEA,NYY,,,
,72995,2024-09-18,2,1,SEA,NYY,,,
,73008,2024-09-19,2,3,SEA,NYY,,,
BAL vs vs vs STL,71429,2024-05-20,3,6,STL,BAL,2.93,4.2,7.13
,71441,2024-05-21,1,3,STL,BAL,,,
,71456,2024-05-22,4,5,STL,BAL,,,
HOU vs vs vs LAA,71427,2024-05-20,7,9,HOU,LAA,6.09,4.58,10.67
,71438,2024-05-21,6,5,HOU,LAA,,,
,71453,2024-05-22,1,2,HOU,LAA,,,
,71670,2024-06-07,7,1,LAA,HOU,,,
,71684,2024-06-08,6,1,LAA,HOU,,,
,71699,2024-06-09,7,9,LAA,HOU,,,
,72921,2024-09-13,5,3,LAA,HOU,,,
,72936,2024-09-14,5,3,LAA,HOU,,,
,72951,2024-09-15,6,4,LAA,HOU,,,
,73002,2024-09-19,3,1,HOU,LAA,,,
,73014,2024-09-20,9,7,HOU,LAA,,,
,73029,2024-09-21,10,4,HOU,LAA,,,
,73044,2024-09-22,8,9,HOU,LAA,,,
PHI vs vs vs TEX,71452,2024-05-21,5,2,PHI,TEX,6.3,2.93,9.23
,71467,2024-05-22,11,4,PHI,TEX,,,
,71474,2024-05-23,5,2,PHI,TEX,,,
COL vs vs vs OAK,71444,2024-05-21,4,5,OAK,COL,6.23,5.4,11.63
,71459,2024-05-22,4,3,OAK,COL,,,
,71470,2024-05-23,9,10,OAK,COL,,,
DET vs vs vs TOR,71475,2024-05-23,1,9,DET,TOR,5.47,5.16,10.63
,71490,2024-05-24,6,2,DET,TOR,,,
,71505,2024-05-25,2,1,DET,TOR,,,
,71520,2024-05-26,14,11,DET,TOR,,,
,72179,2024-07-19,5,4,TOR,DET,,,
,72193,2024-07-20,7,3,TOR,DET,,,
,72208,2024-07-21,4,5,TOR,DET,,,
BAL vs vs vs CHW,71469,2024-05-23,8,6,CHW,BAL,6.57,3.53,10.1
,71477,2024-05-24,6,4,CHW,BAL,,,
,71492,2024-05-25,5,3,CHW,BAL,,,
,71507,2024-05-26,4,1,CHW,BAL,,,
,72779,2024-09-02,13,3,BAL,CHW,,,
,72791,2024-09-03,9,0,BAL,CHW,,,
,72804,2024-09-04,1,8,BAL,CHW,,,
SEA vs vs vs WSH,71487,2024-05-24,1,6,WSH,SEA,4.03,4.2,8.23
,71502,2024-05-25,1,3,WSH,SEA,,,
,71517,2024-05-26,9,5,WSH,SEA,,,
KC vs vs vs TB,71481,2024-05-24,8,1,TB,KC,4.88,4.47,9.35
,71496,2024-05-25,7,4,TB,KC,,,
,71511,2024-05-26,1,4,TB,KC,,,
,72003,2024-07-02,1,5,KC,TB,,,
,72018,2024-07-03,4,2,KC,TB,,,
,72033,2024-07-04,8,10,KC,TB,,,
BOS vs vs vs MIL,71484,2024-05-24,2,7,BOS,MIL,2.1,5.13,7.23
,71499,2024-05-25,3,6,BOS,MIL,,,
,71514,2024-05-26,2,1,BOS,MIL,,,
MIN vs vs vs TEX,71489,2024-05-24,3,2,MIN,TEX,3.96,3.4,7.36
,71504,2024-05-25,5,3,MIN,TEX,,,
,71519,2024-05-26,2,6,MIN,TEX,,,
,72539,2024-08-15,3,2,TEX,MIN,,,
,72551,2024-08-16,4,3,TEX,MIN,,,
,72565,2024-08-17,5,2,TEX,MIN,,,
,72580,2024-08-18,5,6,TEX,MIN,,,
CHC vs vs vs STL,71478,2024-05-24,0,0,STL,CHC,4.01,3.56,7.57
,71493,2024-05-25,6,7,STL,CHC,,,
,71508,2024-05-26,3,4,STL,CHC,,,
,71767,2024-06-14,0,3,CHC,STL,,,
,71782,2024-06-15,5,1,CHC,STL,,,
,71797,2024-06-16,1,2,CHC,STL,,,
,72129,2024-07-12,5,1,STL,CHC,,,
,72144,2024-07-13,3,11,STL,CHC,,,
,73733,2024-07-13,4,5,STL,CHC,,,
,72159,2024-07-14,8,3,STL,CHC,,,
,72358,2024-08-01,5,4,CHC,STL,,,
,72371,2024-08-02,6,3,CHC,STL,,,
,72386,2024-08-03,4,5,CHC,STL,,,
,72401,2024-08-04,6,2,CHC,STL,,,
ARI vs vs vs MIA,71483,2024-05-24,0,3,ARI,MIA,4.63,3.72,8.35
,71498,2024-05-25,3,2,ARI,MIA,,,
,71513,2024-05-26,1,3,ARI,MIA,,,
,72588,2024-08-19,9,6,MIA,ARI,,,
,72598,2024-08-20,3,1,MIA,ARI,,,
,72613,2024-08-21,10,8,MIA,ARI,,,
NYY vs vs vs SD,71485,2024-05-24,8,0,SD,NYY,5.13,1.8,6.93
,71500,2024-05-25,4,1,SD,NYY,,,
,71515,2024-05-26,2,5,SD,NYY,,,
ATL vs vs vs WSH,71531,2024-05-27,4,8,ATL,WSH,3.46,3.95,7.41
,71546,2024-05-28,2,0,ATL,WSH,,,
,71561,2024-05-29,2,7,ATL,WSH,,,
,71569,2024-05-30,1,3,ATL,WSH,,,
,71654,2024-06-06,5,2,WSH,ATL,,,
,71664,2024-06-07,1,2,WSH,ATL,,,
,71678,2024-06-08,3,7,WSH,ATL,,,
,71693,2024-06-09,5,8,WSH,ATL,,,
,72651,2024-08-23,3,2,ATL,WSH,,,
,72666,2024-08-24,4,2,ATL,WSH,,,
,72681,2024-08-25,1,5,ATL,WSH,,,
,72880,2024-09-10,12,0,WSH,ATL,,,
,72895,2024-09-11,1,5,WSH,ATL,,,
CIN vs vs vs STL,71529,2024-05-27,3,1,CIN,STL,3.92,2.75,6.67
,71544,2024-05-28,1,7,CIN,STL,,,
,71559,2024-05-29,3,5,CIN,STL,,,
,71934,2024-06-27,11,4,STL,CIN,,,
,71942,2024-06-28,0,1,STL,CIN,,,
,71957,2024-06-29,9,4,STL,CIN,,,
,71972,2024-06-30,0,2,STL,CIN,,,
,72503,2024-08-12,6,1,CIN,STL,,,
,72517,2024-08-13,4,1,CIN,STL,,,
,72532,2024-08-14,9,2,CIN,STL,,,
,72883,2024-09-10,3,0,STL,CIN,,,
,72898,2024-09-11,1,2,STL,CIN,,,
,72910,2024-09-12,1,6,STL,CIN,,,
CLE vs vs vs COL,71523,2024-05-27,6,8,COL,CLE,8.43,6.6,15.03
,71535,2024-05-28,13,7,COL,CLE,,,
,71550,2024-05-29,4,7,COL,CLE,,,
MIA vs vs vs SD,71527,2024-05-27,1,2,SD,MIA,4.38,4.9,9.28
,71539,2024-05-28,0,4,SD,MIA,,,
,71554,2024-05-29,9,1,SD,MIA,,,
,72464,2024-08-09,2,6,MIA,SD,,,
,72479,2024-08-10,8,9,MIA,SD,,,
,72493,2024-08-11,7,6,MIA,SD,,,
OAK vs vs vs TB,71541,2024-05-28,3,0,TB,OAK,2.76,2.23,4.99
,71556,2024-05-29,3,4,TB,OAK,,,
,71568,2024-05-30,5,6,TB,OAK,,,
,72596,2024-08-19,3,0,OAK,TB,,,
,72611,2024-08-20,0,1,OAK,TB,,,
,72626,2024-08-21,2,4,OAK,TB,,,
,72636,2024-08-22,3,1,OAK,TB,,,
ARI vs vs vs TEX,71532,2024-05-28,2,4,TEX,ARI,5.33,3.35,8.68
,71547,2024-05-29,1,6,TEX,ARI,,,
,72893,2024-09-10,6,0,ARI,TEX,,,
,72908,2024-09-11,14,4,ARI,TEX,,,
LAA vs vs vs NYY,71540,2024-05-28,4,3,LAA,NYY,4.01,3.46,7.47
,71555,2024-05-29,1,2,LAA,NYY,,,
,71567,2024-05-30,3,8,LAA,NYY,,,
,72412,2024-08-06,0,0,NYY,LAA,,,
,72427,2024-08-07,2,5,NYY,LAA,,,
,73755,2024-08-07,8,2,NYY,LAA,,,
,72442,2024-08-08,9,4,NYY,LAA,,,
BOS vs vs vs DET,71564,2024-05-30,0,5,BOS,DET,3.6,4.4,8.0
,71575,2024-05-31,7,3,BOS,DET,,,
,71590,2024-06-01,6,3,BOS,DET,,,
,71605,2024-06-02,4,8,BOS,DET,,,
,72735,2024-08-30,7,5,DET,BOS,,,
,72750,2024-08-31,1,2,DET,BOS,,,
,72765,2024-09-01,1,4,DET,BOS,,,
ARI vs vs vs NYM,71562,2024-05-30,2,3,NYM,ARI,5.76,5.34,11.1
,71571,2024-05-31,9,10,NYM,ARI,,,
,71586,2024-06-01,10,5,NYM,ARI,,,
,71601,2024-06-02,5,4,NYM,ARI,,,
,72700,2024-08-27,3,8,ARI,NYM,,,
,72715,2024-08-28,8,5,ARI,NYM,,,
,72727,2024-08-29,2,3,ARI,NYM,,,
CHC vs vs vs CIN,71573,2024-05-31,4,5,CHC,CIN,3.72,3.88,7.6
,71588,2024-06-01,7,5,CHC,CIN,,,
,71603,2024-06-02,2,5,CHC,CIN,,,
,71657,2024-06-06,4,8,CIN,CHC,,,
,71667,2024-06-07,2,3,CIN,CHC,,,
,71681,2024-06-08,3,4,CIN,CHC,,,
,71696,2024-06-09,4,2,CIN,CHC,,,
,72315,2024-07-29,1,7,CIN,CHC,,,
,72326,2024-07-30,3,6,CIN,CHC,,,
,72341,2024-07-31,13,4,CIN,CHC,,,
,73104,2024-09-27,1,0,CHC,CIN,,,
,73119,2024-09-28,3,0,CHC,CIN,,,
,73134,2024-09-29,0,3,CHC,CIN,,,
CIN vs vs vs PIT,73834,2024-05-31,0,0,PIT,CIN,3.71,3.65,7.36
,71801,2024-06-17,1,4,PIT,CIN,,,
,71812,2024-06-18,2,1,PIT,CIN,,,
,71827,2024-06-19,0,1,PIT,CIN,,,
,71898,2024-06-24,11,5,CIN,PIT,,,
,71913,2024-06-25,5,9,CIN,PIT,,,
,71928,2024-06-26,1,6,CIN,PIT,,,
,72628,2024-08-22,0,7,PIT,CIN,,,
,72640,2024-08-23,5,6,PIT,CIN,,,
,72655,2024-08-24,10,2,PIT,CIN,,,
,72670,2024-08-25,3,4,PIT,CIN,,,
,73024,2024-09-20,8,3,CIN,PIT,,,
,73039,2024-09-21,7,1,CIN,PIT,,,
,73054,2024-09-22,0,2,CIN,PIT,,,
BAL vs vs vs TB,71582,2024-05-31,3,1,BAL,TB,4.38,2.65,7.03
,71597,2024-06-01,9,5,BAL,TB,,,
,71612,2024-06-02,3,4,BAL,TB,,,
,71665,2024-06-07,6,3,TB,BAL,,,
,71679,2024-06-08,5,0,TB,BAL,,,
,71694,2024-06-09,9,2,TB,BAL,,,
,71707,2024-06-10,5,2,TB,BAL,,,
,72454,2024-08-09,4,1,TB,BAL,,,
,72469,2024-08-10,7,5,TB,BAL,,,
,72484,2024-08-11,1,2,TB,BAL,,,
,72838,2024-09-06,2,0,BAL,TB,,,
,72853,2024-09-07,1,7,BAL,TB,,,
,72868,2024-09-08,0,2,BAL,TB,,,
PIT vs vs vs TOR,71579,2024-05-31,3,5,TOR,PIT,5.5,3.3,8.8
,71594,2024-06-01,8,1,TOR,PIT,,,
,71609,2024-06-02,4,5,TOR,PIT,,,
CLE vs vs vs WSH,71584,2024-05-31,7,1,CLE,WSH,3.6,2.93,6.53
,71599,2024-06-01,3,2,CLE,WSH,,,
,71614,2024-06-02,2,5,CLE,WSH,,,
MIA vs vs vs TEX,71583,2024-05-31,8,2,MIA,TEX,2.4,5.5,7.9
,71598,2024-06-01,0,7,MIA,TEX,,,
,71613,2024-06-02,0,6,MIA,TEX,,,
ATL vs vs vs OAK,71578,2024-05-31,4,2,ATL,OAK,4.8,5.13,9.93
,71593,2024-06-01,9,11,ATL,OAK,,,
,71608,2024-06-02,3,1,ATL,OAK,,,
HOU vs vs vs MIN,71576,2024-05-31,1,6,HOU,MIN,4.65,5.8,10.45
,71591,2024-06-01,5,2,HOU,MIN,,,
,71606,2024-06-02,3,4,HOU,MIN,,,
,72040,2024-07-05,13,12,MIN,HOU,,,
,72055,2024-07-06,3,9,MIN,HOU,,,
,72070,2024-07-07,2,3,MIN,HOU,,,
KC vs vs vs SD,71580,2024-05-31,8,11,KC,SD,4.5,7.7,12.2
,71595,2024-06-01,3,7,KC,SD,,,
,71610,2024-06-02,4,3,KC,SD,,,
CHW vs vs vs MIL,71572,2024-05-31,5,12,MIL,CHW,4.03,6.6,10.63
,71587,2024-06-01,3,4,MIL,CHW,,,
,71602,2024-06-02,3,6,MIL,CHW,,,
COL vs vs vs LAD,71574,2024-05-31,4,1,LAD,COL,3.84,6.48,10.32
,71589,2024-06-01,1,4,LAD,COL,,,
,71604,2024-06-02,0,4,LAD,COL,,,
,71803,2024-06-17,5,9,COL,LAD,,,
,71816,2024-06-18,9,11,COL,LAD,,,
,71831,2024-06-19,7,6,COL,LAD,,,
,71843,2024-06-20,3,5,COL,LAD,,,
,73019,2024-09-20,4,6,LAD,COL,,,
,73034,2024-09-21,6,3,LAD,COL,,,
,73049,2024-09-22,5,6,LAD,COL,,,
,73107,2024-09-27,4,11,COL,LAD,,,
,73122,2024-09-28,2,13,COL,LAD,,,
,73137,2024-09-29,1,2,COL,LAD,,,
LAA vs vs vs SEA,71570,2024-05-31,4,5,SEA,LAA,2.93,4.4,7.33
,71585,2024-06-01,0,9,SEA,LAA,,,
,71600,2024-06-02,1,5,SEA,LAA,,,
,72125,2024-07-11,0,11,LAA,SEA,,,
,72139,2024-07-12,6,5,LAA,SEA,,,
,72154,2024-07-13,2,1,LAA,SEA,,,
,72169,2024-07-14,3,2,LAA,SEA,,,
,72217,2024-07-22,3,1,SEA,LAA,,,
,72230,2024-07-23,5,1,SEA,LAA,,,
,72245,2024-07-24,2,1,SEA,LAA,,,
,72745,2024-08-30,5,9,LAA,SEA,,,
,72760,2024-08-31,5,4,LAA,SEA,,,
,72775,2024-09-01,3,2,LAA,SEA,,,
NYY vs vs vs SF,71577,2024-05-31,6,2,SF,NYY,7.33,3.0,10.33
,71592,2024-06-01,7,3,SF,NYY,,,
,71607,2024-06-02,7,5,SF,NYY,,,
MIL vs vs vs PHI,71618,2024-06-03,1,3,PHI,MIL,1.72,2.52,4.24
,71630,2024-06-04,1,2,PHI,MIL,,,
,71645,2024-06-05,0,2,PHI,MIL,,,
,72969,2024-09-16,6,2,MIL,PHI,,,
,72982,2024-09-17,1,5,MIL,PHI,,,
,72997,2024-09-18,2,1,MIL,PHI,,,
NYM vs vs vs WSH,71619,2024-06-03,8,7,WSH,NYM,6.63,2.7,9.33
,71632,2024-06-04,6,3,WSH,NYM,,,
,71647,2024-06-05,9,1,WSH,NYM,,,
,71988,2024-07-01,9,7,WSH,NYM,,,
,71998,2024-07-02,7,2,WSH,NYM,,,
,72013,2024-07-03,5,7,WSH,NYM,,,
,72028,2024-07-04,0,1,WSH,NYM,,,
,72100,2024-07-09,7,5,NYM,WSH,,,
,72115,2024-07-10,6,2,NYM,WSH,,,
,72127,2024-07-11,7,0,NYM,WSH,,,
,72971,2024-09-16,2,1,NYM,WSH,,,
,72986,2024-09-17,10,1,NYM,WSH,,,
,73001,2024-09-18,10,0,NYM,WSH,,,
HOU vs vs vs STL,71622,2024-06-03,7,4,HOU,STL,5.1,4.77,9.87
,71636,2024-06-04,8,5,HOU,STL,,,
,71651,2024-06-05,2,4,HOU,STL,,,
CIN vs vs vs COL,71616,2024-06-03,13,3,COL,CIN,8.54,3.46,12.0
,71626,2024-06-04,4,1,COL,CIN,,,
,71641,2024-06-05,12,7,COL,CIN,,,
,72081,2024-07-08,6,0,CIN,COL,,,
,72089,2024-07-09,12,6,CIN,COL,,,
,72104,2024-07-10,5,6,CIN,COL,,,
,72119,2024-07-11,8,1,CIN,COL,,,
LAA vs vs vs SD,71620,2024-06-03,2,1,LAA,SD,2.7,1.83,4.53
,71633,2024-06-04,4,2,LAA,SD,,,
,71648,2024-06-05,3,2,LAA,SD,,,
CLE vs vs vs KC,71628,2024-06-04,8,5,CLE,KC,3.64,4.33,7.97
,71643,2024-06-05,0,0,CLE,KC,,,
,71659,2024-06-06,3,4,CLE,KC,,,
,71935,2024-06-27,1,2,KC,CLE,,,
,71943,2024-06-28,3,10,KC,CLE,,,
,71958,2024-06-29,7,2,KC,CLE,,,
,71973,2024-06-30,2,6,KC,CLE,,,
,72686,2024-08-26,3,4,CLE,KC,,,
,73736,2024-08-26,4,9,CLE,KC,,,
,72697,2024-08-27,1,6,CLE,KC,,,
,72712,2024-08-28,7,5,CLE,KC,,,
,72780,2024-09-02,4,2,KC,CLE,,,
,72792,2024-09-03,7,1,KC,CLE,,,
,72805,2024-09-04,1,4,KC,CLE,,,
MIA vs vs vs TB,71637,2024-06-04,5,9,MIA,TB,4.28,6.33,10.61
,71652,2024-06-05,3,5,MIA,TB,,,
,72331,2024-07-30,3,9,TB,MIA,,,
,72345,2024-07-31,6,2,TB,MIA,,,
LAD vs vs vs PIT,71629,2024-06-04,0,1,PIT,LAD,5.97,4.72,10.69
,71644,2024-06-05,6,10,PIT,LAD,,,
,71660,2024-06-06,11,7,PIT,LAD,,,
,72463,2024-08-09,9,5,LAD,PIT,,,
,72478,2024-08-10,4,1,LAD,PIT,,,
,72492,2024-08-11,6,5,LAD,PIT,,,
CHC vs vs vs CHW,71625,2024-06-04,7,6,CHC,CHW,5.9,4.88,10.78
,71640,2024-06-05,7,6,CHC,CHW,,,
,72455,2024-08-09,7,6,CHW,CHC,,,
,72470,2024-08-10,3,1,CHW,CHC,,,
COL vs vs vs STL,71658,2024-06-06,3,2,STL,COL,4.29,5.71,10.0
,71669,2024-06-07,5,8,STL,COL,,,
,71683,2024-06-08,6,5,STL,COL,,,
,71698,2024-06-09,1,5,STL,COL,,,
,73075,2024-09-24,3,7,COL,STL,,,
,73090,2024-09-25,2,5,COL,STL,,,
,73099,2024-09-26,10,8,COL,STL,,,
BOS vs vs vs CHW,71656,2024-06-06,14,2,CHW,BOS,5.16,4.49,9.65
,71666,2024-06-07,2,7,CHW,BOS,,,
,71680,2024-06-08,1,6,CHW,BOS,,,
,71695,2024-06-09,6,4,CHW,BOS,,,
,72828,2024-09-06,3,1,BOS,CHW,,,
,72843,2024-09-07,7,5,BOS,CHW,,,
,72858,2024-09-08,2,7,BOS,CHW,,,
DET vs vs vs MIL,71672,2024-06-07,0,10,DET,MIL,4.2,6.23,10.43
,71686,2024-06-08,4,5,DET,MIL,,,
,71701,2024-06-09,10,2,DET,MIL,,,
MIN vs vs vs PIT,71673,2024-06-07,0,3,PIT,MIN,3.03,2.7,5.73
,71687,2024-06-08,0,4,PIT,MIN,,,
,71702,2024-06-09,11,5,PIT,MIN,,,
,73836,2024-07-01,0,0,PIT,MIN,,,
LAD vs vs vs NYY,71671,2024-06-07,2,1,NYY,LAD,6.23,3.0,9.23
,71685,2024-06-08,11,3,NYY,LAD,,,
,71700,2024-06-09,4,6,NYY,LAD,,,
CLE vs vs vs MIA,71668,2024-06-07,2,3,MIA,CLE,5.87,1.8,7.67
,71682,2024-06-08,8,0,MIA,CLE,,,
,71697,2024-06-09,6,3,MIA,CLE,,,
SF vs vs vs TEX,71675,2024-06-07,5,2,TEX,SF,3.67,3.0,6.67
,71690,2024-06-08,3,1,TEX,SF,,,
,71705,2024-06-09,2,7,TEX,SF,,,
OAK vs vs vs TOR,71676,2024-06-07,2,1,OAK,TOR,2.73,3.62,6.35
,71691,2024-06-08,0,7,OAK,TOR,,,
,71706,2024-06-09,4,6,OAK,TOR,,,
,72461,2024-08-09,1,3,TOR,OAK,,,
,72476,2024-08-10,1,0,TOR,OAK,,,
,72490,2024-08-11,8,4,TOR,OAK,,,
COL vs vs vs MIN,71709,2024-06-10,0,5,MIN,COL,5.13,7.8,12.93
,71719,2024-06-11,5,4,MIN,COL,,,
,71734,2024-06-12,9,17,MIN,COL,,,
KC vs vs vs NYY,71711,2024-06-10,2,4,KC,NYY,3.43,6.2,9.63
,71722,2024-06-11,1,10,KC,NYY,,,
,71737,2024-06-12,5,11,KC,NYY,,,
,71749,2024-06-13,4,3,KC,NYY,,,
,72875,2024-09-09,4,10,NYY,KC,,,
,72886,2024-09-10,5,0,NYY,KC,,,
,72901,2024-09-11,3,4,NYY,KC,,,
MIL vs vs vs TOR,71713,2024-06-10,3,1,MIL,TOR,2.4,2.93,5.33
,71727,2024-06-11,0,3,MIL,TOR,,,
,71742,2024-06-12,5,4,MIL,TOR,,,
OAK vs vs vs SD,71712,2024-06-10,1,6,SD,OAK,2.93,4.5,7.43
,71723,2024-06-11,3,4,SD,OAK,,,
,71738,2024-06-12,4,5,SD,OAK,,,
CHW vs vs vs SEA,71708,2024-06-10,4,8,SEA,CHW,2.5,5.51,8.01
,71716,2024-06-11,3,4,SEA,CHW,,,
,71731,2024-06-12,1,2,SEA,CHW,,,
,71746,2024-06-13,3,2,SEA,CHW,,,
,72280,2024-07-26,0,10,CHW,SEA,,,
,72296,2024-07-27,3,6,CHW,SEA,,,
,72311,2024-07-28,3,6,CHW,SEA,,,
HOU vs vs vs SF,71710,2024-06-10,3,4,SF,HOU,3.3,3.0,6.3
,71720,2024-06-11,3,1,SF,HOU,,,
,71735,2024-06-12,3,5,SF,HOU,,,
ATL vs vs vs BAL,71715,2024-06-11,0,4,BAL,ATL,2.93,3.3,6.23
,71730,2024-06-12,2,4,BAL,ATL,,,
,71745,2024-06-13,6,3,BAL,ATL,,,
DET vs vs vs WSH,71728,2024-06-11,4,5,DET,WSH,4.8,5.13,9.93
,71743,2024-06-12,5,7,DET,WSH,,,
,71754,2024-06-13,7,2,DET,WSH,,,
CHC vs vs vs TB,71717,2024-06-11,2,5,TB,CHC,2.93,3.3,6.23
,71732,2024-06-12,4,3,TB,CHC,,,
,71747,2024-06-13,2,3,TB,CHC,,,
BOS vs vs vs PHI,71724,2024-06-11,1,4,BOS,PHI,5.4,4.77,10.17
,71739,2024-06-12,8,6,BOS,PHI,,,
,71751,2024-06-13,9,3,BOS,PHI,,,
CIN vs vs vs CLE,71718,2024-06-11,3,5,CIN,CLE,2.4,4.4,6.8
,71733,2024-06-12,4,2,CIN,CLE,,,
,73067,2024-09-24,1,6,CLE,CIN,,,
,73082,2024-09-25,2,5,CLE,CIN,,,
PIT vs vs vs STL,71725,2024-06-11,2,1,STL,PIT,2.48,3.14,5.62
,71740,2024-06-12,2,4,STL,PIT,,,
,71752,2024-06-13,3,4,STL,PIT,,,
,73835,2024-06-20,0,0,PIT,STL,,,
,72002,2024-07-02,4,7,PIT,STL,,,
,72017,2024-07-03,5,4,PIT,STL,,,
,72032,2024-07-04,2,3,PIT,STL,,,
,72228,2024-07-22,2,1,PIT,STL,,,
,72243,2024-07-23,1,2,PIT,STL,,,
,72258,2024-07-24,5,0,PIT,STL,,,
,72970,2024-09-16,0,4,STL,PIT,,,
,72983,2024-09-17,1,3,STL,PIT,,,
,72998,2024-09-18,5,10,STL,PIT,,,
,73010,2024-09-19,3,2,STL,PIT,,,
ARI vs vs vs LAA,71714,2024-06-11,9,4,ARI,LAA,6.9,4.77,11.67
,71729,2024-06-12,3,8,ARI,LAA,,,
,71744,2024-06-13,11,1,ARI,LAA,,,
LAD vs vs vs TEX,71726,2024-06-11,15,2,LAD,TEX,5.4,2.93,8.33
,71741,2024-06-12,2,3,LAD,TEX,,,
,71753,2024-06-13,1,3,LAD,TEX,,,
MIN vs vs vs OAK,71750,2024-06-13,6,2,MIN,OAK,5.4,3.1,8.5
,71763,2024-06-14,6,5,MIN,OAK,,,
,71778,2024-06-15,0,0,MIN,OAK,,,
,71793,2024-06-16,6,2,MIN,OAK,,,
,73737,2024-06-16,8,7,MIN,OAK,,,
,71856,2024-06-21,5,6,OAK,MIN,,,
,71870,2024-06-22,10,2,OAK,MIN,,,
,71884,2024-06-23,3,0,OAK,MIN,,,
BOS vs vs vs NYY,71762,2024-06-14,1,8,BOS,NYY,4.76,5.55,10.31
,71777,2024-06-15,8,4,BOS,NYY,,,
,71792,2024-06-16,9,3,BOS,NYY,,,
,72037,2024-07-05,5,3,NYY,BOS,,,
,72052,2024-07-06,4,14,NYY,BOS,,,
,72067,2024-07-07,3,0,NYY,BOS,,,
,72276,2024-07-26,9,7,BOS,NYY,,,
,72292,2024-07-27,8,11,BOS,NYY,,,
,72307,2024-07-28,2,8,BOS,NYY,,,
,72909,2024-09-12,1,2,NYY,BOS,,,
,72918,2024-09-13,4,5,NYY,BOS,,,
,72933,2024-09-14,7,1,NYY,BOS,,,
,72948,2024-09-15,2,5,NYY,BOS,,,
BAL vs vs vs PHI,71764,2024-06-14,3,5,BAL,PHI,5.1,3.67,8.77
,71779,2024-06-15,6,2,BAL,PHI,,,
,71794,2024-06-16,8,3,BAL,PHI,,,
CLE vs vs vs TOR,71758,2024-06-14,3,1,TOR,CLE,4.5,3.6,8.1
,71773,2024-06-15,0,5,TOR,CLE,,,
,71788,2024-06-16,6,7,TOR,CLE,,,
,71860,2024-06-21,7,1,CLE,TOR,,,
,71875,2024-06-22,6,3,CLE,TOR,,,
,71889,2024-06-23,6,5,CLE,TOR,,,
NYM vs vs vs SD,71766,2024-06-14,2,1,NYM,SD,4.99,3.06,8.05
,71781,2024-06-15,5,1,NYM,SD,,,
,71796,2024-06-16,11,6,NYM,SD,,,
,72634,2024-08-22,8,3,SD,NYM,,,
,72645,2024-08-23,0,7,SD,NYM,,,
,72660,2024-08-24,7,1,SD,NYM,,,
,72675,2024-08-25,2,3,SD,NYM,,,
ATL vs vs vs TB,71768,2024-06-14,7,3,ATL,TB,6.6,4.77,11.37
,71783,2024-06-15,9,2,ATL,TB,,,
,71798,2024-06-16,6,8,ATL,TB,,,
ARI vs vs vs CHW,71756,2024-06-14,7,1,ARI,CHW,6.3,5.5,11.8
,71771,2024-06-15,2,9,ARI,CHW,,,
,71786,2024-06-16,12,5,ARI,CHW,,,
KC vs vs vs LAD,71760,2024-06-14,3,4,LAD,KC,3.67,2.7,6.37
,71775,2024-06-15,7,2,LAD,KC,,,
,71790,2024-06-16,0,3,LAD,KC,,,
LAA vs vs vs SF,71755,2024-06-14,8,6,SF,LAA,6.6,6.6,13.2
,71770,2024-06-15,4,3,SF,LAA,,,
,71785,2024-06-16,6,13,SF,LAA,,,
BOS vs vs vs TOR,71800,2024-06-17,7,3,TOR,BOS,4.12,4.08,8.2
,71811,2024-06-18,4,3,TOR,BOS,,,
,71826,2024-06-19,7,3,TOR,BOS,,,
,71901,2024-06-24,7,6,BOS,TOR,,,
,71916,2024-06-25,4,9,BOS,TOR,,,
,71931,2024-06-26,1,4,BOS,TOR,,,
,72691,2024-08-26,3,7,BOS,TOR,,,
,72706,2024-08-27,6,3,BOS,TOR,,,
,72721,2024-08-28,3,0,BOS,TOR,,,
,72732,2024-08-29,0,2,BOS,TOR,,,
,73059,2024-09-23,4,1,TOR,BOS,,,
,73065,2024-09-24,6,5,TOR,BOS,,,
,73080,2024-09-25,1,6,TOR,BOS,,,
ATL vs vs vs DET,71802,2024-06-17,2,1,ATL,DET,3.3,0.73,4.03
,71813,2024-06-18,2,1,ATL,DET,,,
,71828,2024-06-19,7,0,ATL,DET,,,
CHC vs vs vs SF,71807,2024-06-17,6,7,CHC,SF,4.23,4.39,8.62
,71821,2024-06-18,5,2,CHC,SF,,,
,71836,2024-06-19,6,5,CHC,SF,,,
,71892,2024-06-24,4,5,SF,CHC,,,
,71904,2024-06-25,1,5,SF,CHC,,,
,71919,2024-06-26,3,4,SF,CHC,,,
,71933,2024-06-27,5,3,SF,CHC,,,
NYM vs vs vs TEX,71805,2024-06-17,14,2,TEX,NYM,8.8,3.9,12.7
,71818,2024-06-18,7,6,TEX,NYM,,,
,71833,2024-06-19,3,5,TEX,NYM,,,
LAA vs vs vs MIL,71804,2024-06-17,5,3,LAA,MIL,2.4,4.03,6.43
,71817,2024-06-18,3,6,LAA,MIL,,,
,71832,2024-06-19,0,2,LAA,MIL,,,
ARI vs vs vs WSH,71809,2024-06-18,5,0,WSH,ARI,6.67,2.95,9.62
,71824,2024-06-19,1,3,WSH,ARI,,,
,71839,2024-06-20,5,2,WSH,ARI,,,
,72324,2024-07-29,9,8,ARI,WSH,,,
,72339,2024-07-30,17,0,ARI,WSH,,,
,72353,2024-07-31,5,4,ARI,WSH,,,
MIN vs vs vs TB,71823,2024-06-18,7,6,MIN,TB,4.13,4.83,8.96
,71838,2024-06-19,2,3,MIN,TB,,,
,71847,2024-06-20,6,7,MIN,TB,,,
,72784,2024-09-02,5,4,TB,MIN,,,
,72795,2024-09-03,1,2,TB,MIN,,,
,72810,2024-09-04,4,9,TB,MIN,,,
,72822,2024-09-05,4,3,TB,MIN,,,
CHW vs vs vs HOU,71814,2024-06-18,2,0,CHW,HOU,2.0,3.45,5.45
,71829,2024-06-19,1,4,CHW,HOU,,,
,71841,2024-06-20,3,5,CHW,HOU,,,
,72546,2024-08-16,5,4,HOU,CHW,,,
,72560,2024-08-17,1,6,HOU,CHW,,,
,72575,2024-08-18,0,2,HOU,CHW,,,
SF vs vs vs STL,71846,2024-06-20,5,6,STL,SF,3.7,6.12,9.82
,71873,2024-06-22,4,9,STL,SF,,,
,71887,2024-06-23,3,5,STL,SF,,,
,73114,2024-09-27,3,6,SF,STL,,,
,73129,2024-09-28,6,5,SF,STL,,,
,73144,2024-09-29,1,6,SF,STL,,,
ARI vs vs vs PHI,71849,2024-06-21,5,4,PHI,ARI,4.96,4.77,9.73
,71863,2024-06-22,1,12,PHI,ARI,,,
,71877,2024-06-23,1,4,PHI,ARI,,,
,72448,2024-08-08,4,6,ARI,PHI,,,
,72462,2024-08-09,3,2,ARI,PHI,,,
,72477,2024-08-10,11,1,ARI,PHI,,,
,72491,2024-08-11,12,5,ARI,PHI,,,
PIT vs vs vs TB,71859,2024-06-21,3,10,PIT,TB,2.4,5.87,8.27
,71874,2024-06-22,4,3,PIT,TB,,,
,71888,2024-06-23,1,3,PIT,TB,,,
ATL vs vs vs NYY,71850,2024-06-21,8,1,NYY,ATL,5.13,3.0,8.13
,71864,2024-06-22,3,8,NYY,ATL,,,
,71878,2024-06-23,3,1,NYY,ATL,,,
BOS vs vs vs CIN,71852,2024-06-21,2,5,CIN,BOS,4.77,3.6,8.37
,71866,2024-06-22,4,3,CIN,BOS,,,
,71880,2024-06-23,7,4,CIN,BOS,,,
MIA vs vs vs SEA,71858,2024-06-21,3,2,MIA,SEA,2.7,5.5,8.2
,71872,2024-06-22,0,9,MIA,SEA,,,
,71886,2024-06-23,6,4,MIA,SEA,,,
BAL vs vs vs HOU,71851,2024-06-21,11,14,HOU,BAL,3.71,6.46,10.17
,71865,2024-06-22,1,5,HOU,BAL,,,
,71879,2024-06-23,1,8,HOU,BAL,,,
,72632,2024-08-22,0,6,BAL,HOU,,,
,72643,2024-08-23,7,5,BAL,HOU,,,
,72658,2024-08-24,3,2,BAL,HOU,,,
,72673,2024-08-25,3,6,BAL,HOU,,,
COL vs vs vs WSH,71861,2024-06-21,5,11,COL,WSH,3.38,5.92,9.3
,71876,2024-06-22,8,7,COL,WSH,,,
,71890,2024-06-23,1,2,COL,WSH,,,
,72604,2024-08-20,3,1,WSH,COL,,,
,72619,2024-08-21,1,6,WSH,COL,,,
,72630,2024-08-22,3,8,WSH,COL,,,
LAA vs vs vs LAD,71848,2024-06-21,3,2,LAD,LAA,4.08,3.95,8.03
,71862,2024-06-22,2,7,LAD,LAA,,,
,72794,2024-09-03,2,6,LAA,LAD,,,
,72809,2024-09-04,10,1,LAA,LAD,,,
BAL vs vs vs CLE,71893,2024-06-24,2,3,BAL,CLE,5.41,5.83,11.24
,71905,2024-06-25,8,10,BAL,CLE,,,
,71920,2024-06-26,4,2,BAL,CLE,,,
,72354,2024-08-01,3,10,CLE,BAL,,,
,72360,2024-08-02,4,8,CLE,BAL,,,
,72375,2024-08-03,7,4,CLE,BAL,,,
,72390,2024-08-04,9,5,CLE,BAL,,,
DET vs vs vs PHI,71897,2024-06-24,1,8,DET,PHI,2.1,5.5,7.6
,71912,2024-06-25,4,1,DET,PHI,,,
,71927,2024-06-26,2,6,DET,PHI,,,
SEA vs vs vs TB,71899,2024-06-24,3,4,TB,SEA,3.97,3.65,7.62
,71914,2024-06-25,3,11,TB,SEA,,,
,71929,2024-06-26,5,2,TB,SEA,,,
,72690,2024-08-26,5,1,SEA,TB,,,
,72704,2024-08-27,2,3,SEA,TB,,,
,72719,2024-08-28,6,2,SEA,TB,,,
ATL vs vs vs STL,71891,2024-06-24,3,4,STL,ATL,2.5,3.46,5.96
,71903,2024-06-25,0,0,STL,ATL,,,
,71918,2024-06-26,6,2,STL,ATL,,,
,73738,2024-06-26,1,4,STL,ATL,,,
,72185,2024-07-19,0,0,ATL,STL,,,
,72200,2024-07-20,3,2,ATL,STL,,,
,73741,2024-07-20,5,9,ATL,STL,,,
,72215,2024-07-21,2,6,ATL,STL,,,
CHW vs vs vs LAD,71894,2024-06-24,0,3,CHW,LAD,0.9,4.03,4.93
,71907,2024-06-25,3,4,CHW,LAD,,,
,71922,2024-06-26,0,4,CHW,LAD,,,
KC vs vs vs MIA,71895,2024-06-24,4,1,KC,MIA,3.0,1.47,4.47
,71908,2024-06-25,1,2,KC,MIA,,,
,71923,2024-06-26,5,1,KC,MIA,,,
MIL vs vs vs TEX,71900,2024-06-24,6,3,MIL,TEX,4.5,3.3,7.8
,71915,2024-06-25,3,1,MIL,TEX,,,
,71930,2024-06-26,6,5,MIL,TEX,,,
LAA vs vs vs OAK,71896,2024-06-24,5,1,LAA,OAK,3.95,5.35,9.3
,71911,2024-06-25,7,5,LAA,OAK,,,
,71926,2024-06-26,5,2,LAA,OAK,,,
,71989,2024-07-02,5,7,OAK,LAA,,,
,72004,2024-07-03,0,5,OAK,LAA,,,
,72019,2024-07-04,0,5,OAK,LAA,,,
,72173,2024-07-19,3,13,OAK,LAA,,,
,72187,2024-07-20,2,8,OAK,LAA,,,
,72202,2024-07-21,8,5,OAK,LAA,,,
,72264,2024-07-25,5,6,LAA,OAK,,,
,72277,2024-07-26,4,5,LAA,OAK,,,
,72293,2024-07-27,1,3,LAA,OAK,,,
,72308,2024-07-28,8,6,LAA,OAK,,,
SD vs vs vs WSH,71902,2024-06-24,7,6,SD,WSH,7.08,3.75,10.83
,71917,2024-06-25,9,7,SD,WSH,,,
,71932,2024-06-26,8,5,SD,WSH,,,
,72241,2024-07-23,4,0,WSH,SD,,,
,72256,2024-07-24,12,3,WSH,SD,,,
,72265,2024-07-25,3,0,WSH,SD,,,
NYM vs vs vs NYY,71910,2024-06-25,9,7,NYM,NYY,8.85,3.6,12.45
,71925,2024-06-26,12,2,NYM,NYY,,,
,72239,2024-07-23,3,2,NYY,NYM,,,
,72254,2024-07-24,12,3,NYY,NYM,,,
ARI vs vs vs MIN,71909,2024-06-25,5,4,ARI,MIN,4.2,9.17,13.37
,71924,2024-06-26,3,8,ARI,MIN,,,
,71938,2024-06-27,6,13,ARI,MIN,,,
BAL vs vs vs TEX,71940,2024-06-27,11,2,BAL,TEX,5.69,4.01,9.7
,71954,2024-06-28,2,1,BAL,TEX,,,
,71969,2024-06-29,6,5,BAL,TEX,,,
,71984,2024-06-30,2,11,BAL,TEX,,,
,72175,2024-07-19,9,1,TEX,BAL,,,
,72189,2024-07-20,8,4,TEX,BAL,,,
,72204,2024-07-21,2,3,TEX,BAL,,,
DET vs vs vs LAA,71936,2024-06-27,0,5,LAA,DET,3.36,3.93,7.29
,71945,2024-06-28,2,5,LAA,DET,,,
,71960,2024-06-29,5,6,LAA,DET,,,
,71975,2024-06-30,7,6,LAA,DET,,,
,72692,2024-08-27,6,2,DET,LAA,,,
,72707,2024-08-28,3,2,DET,LAA,,,
,72722,2024-08-29,0,3,DET,LAA,,,
TB vs vs vs WSH,71955,2024-06-28,3,1,TB,WSH,2.7,3.3,6.0
,71970,2024-06-29,1,8,TB,WSH,,,
,71985,2024-06-30,5,0,TB,WSH,,,
BOS vs vs vs SD,71953,2024-06-28,2,9,BOS,SD,2.1,7.7,9.8
,71968,2024-06-29,1,11,BOS,SD,,,
,71983,2024-06-30,4,1,BOS,SD,,,
CHW vs vs vs COL,71944,2024-06-28,5,3,CHW,COL,6.0,4.03,10.03
,71959,2024-06-29,11,3,CHW,COL,,,
,71974,2024-06-30,4,5,CHW,COL,,,
HOU vs vs vs NYM,71946,2024-06-28,2,7,NYM,HOU,7.7,5.4,13.1
,71961,2024-06-29,9,6,NYM,HOU,,,
,71976,2024-06-30,10,5,NYM,HOU,,,
ARI vs vs vs OAK,71951,2024-06-28,4,9,ARI,OAK,3.6,3.67,7.27
,71966,2024-06-29,3,0,ARI,OAK,,,
,71981,2024-06-30,5,1,ARI,OAK,,,
COL vs vs vs MIL,71987,2024-07-01,8,7,COL,MIL,3.34,3.7,7.04
,71997,2024-07-02,3,4,COL,MIL,,,
,72012,2024-07-03,0,3,COL,MIL,,,
,72027,2024-07-04,4,3,COL,MIL,,,
,72831,2024-09-06,3,2,MIL,COL,,,
,72846,2024-09-07,2,5,MIL,COL,,,
,72861,2024-09-08,4,1,MIL,COL,,,
BOS vs vs vs MIA,71992,2024-07-02,8,3,MIA,BOS,7.7,3.0,10.7
,72007,2024-07-03,7,2,MIA,BOS,,,
,72022,2024-07-04,6,5,MIA,BOS,,,
CIN vs vs vs NYY,71994,2024-07-02,5,4,NYY,CIN,5.87,3.0,8.87
,72009,2024-07-03,3,2,NYY,CIN,,,
,72024,2024-07-04,8,4,NYY,CIN,,,
ATL vs vs vs SF,72001,2024-07-02,3,5,ATL,SF,3.86,2.99,6.85
,72016,2024-07-03,3,1,ATL,SF,,,
,72031,2024-07-04,2,4,ATL,SF,,,
,72495,2024-08-12,1,0,SF,ATL,,,
,72506,2024-08-13,4,3,SF,ATL,,,
,72521,2024-08-14,13,2,SF,ATL,,,
,72536,2024-08-15,0,6,SF,ATL,,,
CHC vs vs vs PHI,71999,2024-07-02,4,6,CHC,PHI,5.85,5.23,11.08
,72014,2024-07-03,3,5,CHC,PHI,,,
,72029,2024-07-04,10,2,CHC,PHI,,,
,73060,2024-09-23,2,6,PHI,CHC,,,
,73066,2024-09-24,10,4,PHI,CHC,,,
,73081,2024-09-25,6,9,PHI,CHC,,,
SD vs vs vs TEX,72000,2024-07-02,0,7,TEX,SD,3.3,3.6,6.9
,72015,2024-07-03,6,4,TEX,SD,,,
,72030,2024-07-04,3,1,TEX,SD,,,
CHC vs vs vs LAA,72034,2024-07-05,5,1,CHC,LAA,3.0,2.93,5.93
,72049,2024-07-06,0,7,CHC,LAA,,,
,72064,2024-07-07,5,0,CHC,LAA,,,
STL vs vs vs WSH,72046,2024-07-05,7,6,WSH,STL,6.17,7.2,13.37
,72061,2024-07-06,6,14,WSH,STL,,,
,72076,2024-07-07,8,3,WSH,STL,,,
,72084,2024-07-08,6,0,WSH,STL,,,
,72282,2024-07-26,8,10,STL,WSH,,,
,72298,2024-07-27,3,14,STL,WSH,,,
,72313,2024-07-28,4,3,STL,WSH,,,
CIN vs vs vs DET,72039,2024-07-05,4,5,CIN,DET,2.4,5.5,7.9
,72054,2024-07-06,3,5,CIN,DET,,,
,72069,2024-07-07,1,5,CIN,DET,,,
CLE vs vs vs SF,72045,2024-07-05,2,4,CLE,SF,3.6,4.4,8.0
,72060,2024-07-06,5,4,CLE,SF,,,
,72075,2024-07-07,5,4,CLE,SF,,,
CHW vs vs vs MIA,72038,2024-07-05,3,2,MIA,CHW,3.67,3.9,7.57
,72053,2024-07-06,3,4,MIA,CHW,,,
,72068,2024-07-07,4,7,MIA,CHW,,,
COL vs vs vs KC,72041,2024-07-05,4,2,COL,KC,2.4,4.77,7.17
,72056,2024-07-06,3,1,COL,KC,,,
,72071,2024-07-07,1,10,COL,KC,,,
LAD vs vs vs MIL,72042,2024-07-05,8,5,LAD,MIL,5.07,4.6,9.67
,72057,2024-07-06,5,3,LAD,MIL,,,
,72072,2024-07-07,2,9,LAD,MIL,,,
,72500,2024-08-12,5,2,MIL,LAD,,,
,72511,2024-08-13,7,2,MIL,LAD,,,
,72526,2024-08-14,4,5,MIL,LAD,,,
,72538,2024-08-15,4,6,MIL,LAD,,,
BAL vs vs vs CHC,72087,2024-07-09,2,9,BAL,CHC,0.6,7.7,8.3
,72102,2024-07-10,0,4,BAL,CHC,,,
,72117,2024-07-11,0,8,BAL,CHC,,,
LAD vs vs vs PHI,72091,2024-07-09,1,10,PHI,LAD,2.57,6.15,8.72
,72106,2024-07-10,3,4,PHI,LAD,,,
,72120,2024-07-11,1,5,PHI,LAD,,,
,72410,2024-08-05,5,3,LAD,PHI,,,
,72423,2024-08-06,2,6,LAD,PHI,,,
,72438,2024-08-07,4,9,LAD,PHI,,,
KC vs vs vs STL,72090,2024-07-09,0,0,STL,KC,5.42,4.04,9.46
,72105,2024-07-10,6,4,STL,KC,,,
,73739,2024-07-10,8,5,STL,KC,,,
,72465,2024-08-09,5,8,KC,STL,,,
,72480,2024-08-10,8,3,KC,STL,,,
HOU vs vs vs MIA,72092,2024-07-09,4,3,HOU,MIA,5.7,2.57,8.27
,72107,2024-07-10,9,1,HOU,MIA,,,
,72121,2024-07-11,6,3,HOU,MIA,,,
SD vs vs vs SEA,72097,2024-07-09,3,8,SD,SEA,3.15,4.55,7.7
,72112,2024-07-10,0,2,SD,SEA,,,
,72891,2024-09-10,7,3,SEA,SD,,,
,72906,2024-09-11,2,5,SEA,SD,,,
SF vs vs vs TOR,72099,2024-07-09,4,3,SF,TOR,3.9,6.6,10.5
,72114,2024-07-10,6,10,SF,TOR,,,
,72126,2024-07-11,3,5,SF,TOR,,,
DET vs vs vs LAD,72133,2024-07-12,3,4,DET,LAD,5.4,5.87,11.27
,72148,2024-07-13,11,9,DET,LAD,,,
,72163,2024-07-14,4,3,DET,LAD,,,
OAK vs vs vs PHI,72137,2024-07-12,6,2,PHI,OAK,10.63,4.8,15.43
,72152,2024-07-13,5,11,PHI,OAK,,,
,72167,2024-07-14,18,3,PHI,OAK,,,
CLE vs vs vs TB,72130,2024-07-12,0,2,TB,CLE,2.04,2.19,4.23
,72145,2024-07-13,4,2,TB,CLE,,,
,72160,2024-07-14,0,2,TB,CLE,,,
,72915,2024-09-12,2,5,CLE,TB,,,
,72930,2024-09-13,1,3,CLE,TB,,,
,72945,2024-09-14,6,1,CLE,TB,,,
,72960,2024-09-15,2,0,CLE,TB,,,
BOS vs vs vs KC,72132,2024-07-12,1,6,BOS,KC,5.13,4.53,9.66
,72147,2024-07-13,5,0,BOS,KC,,,
,72162,2024-07-14,5,4,BOS,KC,,,
,72405,2024-08-05,9,5,KC,BOS,,,
,72415,2024-08-06,6,5,KC,BOS,,,
,72430,2024-08-07,4,8,KC,BOS,,,
CIN vs vs vs MIA,72134,2024-07-12,7,4,CIN,MIA,7.47,3.97,11.44
,72149,2024-07-13,10,6,CIN,MIA,,,
,72164,2024-07-14,2,3,CIN,MIA,,,
,72407,2024-08-05,10,3,MIA,CIN,,,
,72417,2024-08-06,8,2,MIA,CIN,,,
,72432,2024-08-07,4,6,MIA,CIN,,,
,72444,2024-08-08,10,4,MIA,CIN,,,
COL vs vs vs NYM,72131,2024-07-12,6,7,NYM,COL,4.62,5.97,10.59
,72146,2024-07-13,3,7,NYM,COL,,,
,72161,2024-07-14,8,5,NYM,COL,,,
,72422,2024-08-06,6,3,COL,NYM,,,
,72437,2024-08-07,3,5,COL,NYM,,,
,72447,2024-08-08,1,9,COL,NYM,,,
CHW vs vs vs PIT,72138,2024-07-12,1,4,CHW,PIT,2.1,6.97,9.07
,72153,2024-07-13,2,6,CHW,PIT,,,
,72168,2024-07-14,4,9,CHW,PIT,,,
MIL vs vs vs WSH,72142,2024-07-12,2,5,MIL,WSH,5.15,4.52,9.67
,72157,2024-07-13,5,6,MIL,WSH,,,
,72172,2024-07-14,9,3,MIL,WSH,,,
,72367,2024-08-02,8,3,WSH,MIL,,,
,72382,2024-08-03,4,6,WSH,MIL,,,
,72397,2024-08-04,3,4,WSH,MIL,,,
ARI vs vs vs TOR,72141,2024-07-12,5,4,ARI,TOR,7.2,4.77,11.97
,72156,2024-07-13,12,1,ARI,TOR,,,
,72171,2024-07-14,7,8,ARI,TOR,,,
MIN vs vs vs SF,72135,2024-07-12,1,7,SF,MIN,2.57,3.6,6.17
,72150,2024-07-13,4,2,SF,MIN,,,
,72165,2024-07-14,2,3,SF,MIN,,,
CLE vs vs vs SD,72183,2024-07-19,7,0,CLE,SD,2.4,3.3,5.7
,72198,2024-07-20,0,7,CLE,SD,,,
,72213,2024-07-21,1,2,CLE,SD,,,
BOS vs vs vs LAD,72176,2024-07-19,1,4,LAD,BOS,4.77,6.0,10.77
,72190,2024-07-20,6,7,LAD,BOS,,,
,72205,2024-07-21,6,9,LAD,BOS,,,
ATL vs vs vs CIN,72221,2024-07-22,1,4,ATL,CIN,4.28,3.05,7.33
,72235,2024-07-23,0,0,ATL,CIN,,,
,72250,2024-07-24,4,9,ATL,CIN,,,
,73752,2024-07-24,0,0,ATL,CIN,,,
,73753,2024-09-09,0,1,ATL,CIN,,,
,72973,2024-09-17,5,6,CIN,ATL,,,
,72988,2024-09-18,7,1,CIN,ATL,,,
,73004,2024-09-19,15,3,CIN,ATL,,,
MIN vs vs vs PHI,72226,2024-07-22,7,2,MIN,PHI,3.6,3.3,6.9
,72240,2024-07-23,0,3,MIN,PHI,,,
,72255,2024-07-24,5,4,MIN,PHI,,,
CHW vs vs vs TEX,72220,2024-07-22,3,4,TEX,CHW,1.9,3.86,5.76
,72234,2024-07-23,2,3,TEX,CHW,,,
,72249,2024-07-24,2,10,TEX,CHW,,,
,72262,2024-07-25,1,2,TEX,CHW,,,
,72705,2024-08-27,1,3,CHW,TEX,,,
,72720,2024-08-28,3,4,CHW,TEX,,,
,72731,2024-08-29,1,2,CHW,TEX,,,
ARI vs vs vs KC,72218,2024-07-22,4,10,KC,ARI,6.6,5.4,12.0
,72231,2024-07-23,6,2,KC,ARI,,,
,72246,2024-07-24,8,6,KC,ARI,,,
BOS vs vs vs COL,72219,2024-07-22,8,9,COL,BOS,7.7,8.7,16.4
,72233,2024-07-23,6,0,COL,BOS,,,
,72248,2024-07-24,7,20,COL,BOS,,,
BAL vs vs vs MIA,72232,2024-07-23,3,6,MIA,BAL,4.77,5.4,10.17
,72247,2024-07-24,3,6,MIA,BAL,,,
,72261,2024-07-25,7,6,MIA,BAL,,,
CLE vs vs vs PHI,72271,2024-07-26,3,1,PHI,CLE,2.57,3.6,6.17
,72286,2024-07-27,0,8,PHI,CLE,,,
,72302,2024-07-28,4,3,PHI,CLE,,,
CIN vs vs vs TB,72270,2024-07-26,3,2,TB,CIN,1.47,2.4,3.87
,72285,2024-07-27,0,4,TB,CIN,,,
,72301,2024-07-28,1,2,TB,CIN,,,
BAL vs vs vs SD,72279,2024-07-26,4,6,BAL,SD,4.8,7.7,12.5
,72295,2024-07-27,4,9,BAL,SD,,,
,72310,2024-07-28,8,6,BAL,SD,,,
TEX vs vs vs TOR,72281,2024-07-26,5,6,TOR,TEX,4.27,5.2,9.47
,72297,2024-07-27,3,7,TOR,TEX,,,
,72312,2024-07-28,3,7,TOR,TEX,,,
,72985,2024-09-17,13,8,TEX,TOR,,,
,73000,2024-09-18,2,0,TEX,TOR,,,
,73012,2024-09-19,0,4,TEX,TOR,,,
HOU vs vs vs LAD,72273,2024-07-26,5,0,HOU,LAD,4.2,4.4,8.6
,72289,2024-07-27,7,6,HOU,LAD,,,
,72304,2024-07-28,2,6,HOU,LAD,,,
CHC vs vs vs KC,72269,2024-07-26,0,6,KC,CHC,5.87,3.9,9.77
,72284,2024-07-27,9,4,KC,CHC,,,
,72300,2024-07-28,7,3,KC,CHC,,,
ARI vs vs vs PIT,72278,2024-07-26,4,3,ARI,PIT,5.82,5.12,10.94
,72294,2024-07-27,9,5,ARI,PIT,,,
,72309,2024-07-28,5,6,ARI,PIT,,,
,72359,2024-08-02,9,8,PIT,ARI,,,
,72374,2024-08-03,2,4,PIT,ARI,,,
,72389,2024-08-04,6,5,PIT,ARI,,,
NYY vs vs vs PHI,72319,2024-07-29,14,4,PHI,NYY,9.9,4.5,14.4
,72333,2024-07-30,7,6,PHI,NYY,,,
,72347,2024-07-31,6,5,PHI,NYY,,,
MIN vs vs vs NYM,72318,2024-07-29,2,15,NYM,MIN,3.67,6.0,9.67
,72332,2024-07-30,0,2,NYM,MIN,,,
,72346,2024-07-31,8,3,NYM,MIN,,,
STL vs vs vs TEX,72322,2024-07-29,3,6,STL,TEX,6.3,2.93,9.23
,72337,2024-07-30,8,1,STL,TEX,,,
,72351,2024-07-31,10,1,STL,TEX,,,
HOU vs vs vs PIT,72320,2024-07-29,3,5,HOU,PIT,3.0,5.5,8.5
,72335,2024-07-30,2,6,HOU,PIT,,,
,72349,2024-07-31,5,4,HOU,PIT,,,
ATL vs vs vs MIL,72314,2024-07-29,3,8,MIL,ATL,4.37,7.88,12.25
,72325,2024-07-30,5,1,MIL,ATL,,,
,72340,2024-07-31,6,2,MIL,ATL,,,
,72420,2024-08-06,0,10,ATL,MIL,,,
,72435,2024-08-07,5,8,ATL,MIL,,,
,72446,2024-08-08,7,16,ATL,MIL,,,
COL vs vs vs LAA,72328,2024-07-30,7,10,LAA,COL,5.13,4.5,9.63
,72342,2024-07-31,2,1,LAA,COL,,,
,72355,2024-08-01,5,4,LAA,COL,,,
OAK vs vs vs SF,72334,2024-07-30,5,2,SF,OAK,2.27,1.78,4.05
,72348,2024-07-31,0,1,SF,OAK,,,
,72569,2024-08-17,2,0,OAK,SF,,,
,72584,2024-08-18,2,4,OAK,SF,,,
BOS vs vs vs TEX,72361,2024-08-02,11,6,TEX,BOS,7.18,5.37,12.55
,72376,2024-08-03,4,7,TEX,BOS,,,
,72391,2024-08-04,7,2,TEX,BOS,,,
,72504,2024-08-12,5,4,BOS,TEX,,,
,72518,2024-08-13,9,4,BOS,TEX,,,
,72533,2024-08-14,7,9,BOS,TEX,,,
HOU vs vs vs TB,72372,2024-08-02,3,2,HOU,TB,2.62,2.25,4.87
,72387,2024-08-03,1,6,HOU,TB,,,
,72402,2024-08-04,0,1,HOU,TB,,,
,72498,2024-08-12,6,1,TB,HOU,,,
,72509,2024-08-13,3,2,TB,HOU,,,
,72524,2024-08-14,2,1,TB,HOU,,,
LAA vs vs vs NYM,72368,2024-08-02,1,5,LAA,NYM,2.7,4.03,6.73
,72383,2024-08-03,5,4,LAA,NYM,,,
,72398,2024-08-04,3,2,LAA,NYM,,,
LAD vs vs vs OAK,72365,2024-08-02,5,6,OAK,LAD,6.6,2.4,9.0
,72380,2024-08-03,10,0,OAK,LAD,,,
,72395,2024-08-04,3,2,OAK,LAD,,,
PHI vs vs vs SEA,72369,2024-08-02,2,10,SEA,PHI,4.77,4.8,9.57
,72384,2024-08-03,5,6,SEA,PHI,,,
,72399,2024-08-04,6,0,SEA,PHI,,,
ARI vs vs vs CLE,72404,2024-08-05,7,6,CLE,ARI,5.23,2.7,7.93
,72413,2024-08-06,0,0,CLE,ARI,,,
,72428,2024-08-07,7,3,CLE,ARI,,,
,73756,2024-08-07,5,3,CLE,ARI,,,
CHC vs vs vs MIN,72409,2024-08-05,0,3,CHC,MIN,4.5,2.93,7.43
,72421,2024-08-06,7,3,CHC,MIN,,,
,72436,2024-08-07,8,2,CHC,MIN,,,
CHW vs vs vs OAK,72406,2024-08-05,1,5,OAK,CHW,3.12,3.37,6.49
,72416,2024-08-06,5,1,OAK,CHW,,,
,72431,2024-08-07,2,3,OAK,CHW,,,
,72927,2024-09-13,0,2,CHW,OAK,,,
,72942,2024-09-14,7,6,CHW,OAK,,,
,72957,2024-09-15,4,3,CHW,OAK,,,
PIT vs vs vs SD,72424,2024-08-06,0,6,PIT,SD,2.65,5.98,8.63
,72439,2024-08-07,8,9,PIT,SD,,,
,72449,2024-08-08,6,7,PIT,SD,,,
,72502,2024-08-12,1,2,SD,PIT,,,
,72515,2024-08-13,0,3,SD,PIT,,,
,72530,2024-08-14,2,8,SD,PIT,,,
STL vs vs vs TB,72426,2024-08-06,4,3,STL,TB,3.9,4.03,7.93
,72441,2024-08-07,5,2,STL,TB,,,
,72451,2024-08-08,4,6,STL,TB,,,
DET vs vs vs SEA,72418,2024-08-06,4,2,SEA,DET,5.38,1.93,7.31
,72433,2024-08-07,6,2,SEA,DET,,,
,72445,2024-08-08,3,4,SEA,DET,,,
,72516,2024-08-13,15,1,DET,SEA,,,
,72531,2024-08-14,3,2,DET,SEA,,,
,72541,2024-08-15,2,1,DET,SEA,,,
LAA vs vs vs WSH,72452,2024-08-09,2,3,WSH,LAA,4.4,3.6,8.0
,72467,2024-08-10,4,5,WSH,LAA,,,
,72482,2024-08-11,6,4,WSH,LAA,,,
NYY vs vs vs TEX,72466,2024-08-09,0,0,NYY,TEX,5.4,5.21,10.61
,72481,2024-08-10,8,0,NYY,TEX,,,
,73757,2024-08-10,4,9,NYY,TEX,,,
,72494,2024-08-11,8,7,NYY,TEX,,,
,72785,2024-09-02,8,4,TEX,NYY,,,
,72796,2024-09-03,4,7,TEX,NYY,,,
,72811,2024-09-04,6,10,TEX,NYY,,,
BOS vs vs vs HOU,72459,2024-08-09,4,8,BOS,HOU,4.07,5.87,9.94
,72474,2024-08-10,4,5,BOS,HOU,,,
,72488,2024-08-11,2,10,BOS,HOU,,,
,72590,2024-08-19,4,5,HOU,BOS,,,
,72600,2024-08-20,6,5,HOU,BOS,,,
,72615,2024-08-21,4,1,HOU,BOS,,,
ATL vs vs vs COL,72453,2024-08-09,5,6,COL,ATL,5.75,4.37,10.12
,72468,2024-08-10,11,8,COL,ATL,,,
,72483,2024-08-11,8,9,COL,ATL,,,
,72793,2024-09-03,3,0,ATL,COL,,,
,72806,2024-09-04,5,2,ATL,COL,,,
,72819,2024-09-05,1,3,ATL,COL,,,
NYM vs vs vs SEA,72460,2024-08-09,0,6,SEA,NYM,0.37,6.6,6.97
,72475,2024-08-10,0,4,SEA,NYM,,,
,72489,2024-08-11,1,12,SEA,NYM,,,
DET vs vs vs SF,72458,2024-08-09,2,3,SF,DET,2.93,3.0,5.93
,72473,2024-08-10,1,3,SF,DET,,,
,72487,2024-08-11,5,4,SF,DET,,,
CHC vs vs vs CLE,72496,2024-08-12,8,9,CLE,CHC,3.67,5.1,8.77
,72507,2024-08-13,1,2,CLE,CHC,,,
,72522,2024-08-14,1,6,CLE,CHC,,,
LAA vs vs vs TOR,72505,2024-08-12,2,4,LAA,TOR,2.21,5.69,7.9
,72519,2024-08-13,1,6,LAA,TOR,,,
,72534,2024-08-14,2,9,LAA,TOR,,,
,72627,2024-08-22,3,5,TOR,LAA,,,
,72637,2024-08-23,4,5,TOR,LAA,,,
,72652,2024-08-24,1,3,TOR,LAA,,,
,72667,2024-08-25,2,8,TOR,LAA,,,
NYM vs vs vs OAK,72514,2024-08-13,4,9,NYM,OAK,5.7,6.23,11.93
,72529,2024-08-14,9,1,NYM,OAK,,,
,72540,2024-08-15,6,7,NYM,OAK,,,
CHC vs vs vs TOR,72555,2024-08-16,6,5,CHC,TOR,2.7,2.93,5.63
,72570,2024-08-17,3,2,CHC,TOR,,,
,72585,2024-08-18,0,1,CHC,TOR,,,
CIN vs vs vs KC,72548,2024-08-16,1,7,CIN,KC,0.9,10.27,11.17
,72562,2024-08-17,1,13,CIN,KC,,,
,72577,2024-08-18,1,8,CIN,KC,,,
PIT vs vs vs SEA,72554,2024-08-16,5,3,PIT,SEA,4.5,5.5,10.0
,72568,2024-08-17,7,2,PIT,SEA,,,
,72583,2024-08-18,3,10,PIT,SEA,,,
ARI vs vs vs TB,72543,2024-08-16,4,5,TB,ARI,4.4,5.7,10.1
,72557,2024-08-17,1,6,TB,ARI,,,
,72572,2024-08-18,7,8,TB,ARI,,,
CLE vs vs vs MIL,72547,2024-08-16,3,5,MIL,CLE,1.47,2.7,4.17
,72561,2024-08-17,1,2,MIL,CLE,,,
,72576,2024-08-18,0,2,MIL,CLE,,,
ATL vs vs vs LAA,72544,2024-08-16,2,3,LAA,ATL,5.87,2.1,7.97
,72558,2024-08-17,11,3,LAA,ATL,,,
,72573,2024-08-18,3,1,LAA,ATL,,,
CIN vs vs vs TOR,72592,2024-08-19,6,3,TOR,CIN,7.33,6.0,13.33
,72602,2024-08-20,3,10,TOR,CIN,,,
,72617,2024-08-21,11,7,TOR,CIN,,,
BAL vs vs vs NYM,72589,2024-08-19,3,4,NYM,BAL,5.5,3.9,9.4
,72599,2024-08-20,9,5,NYM,BAL,,,
,72614,2024-08-21,3,4,NYM,BAL,,,
PIT vs vs vs TEX,72594,2024-08-19,3,4,TEX,PIT,2.57,1.5,4.07
,72609,2024-08-20,4,0,TEX,PIT,,,
,72624,2024-08-21,0,1,TEX,PIT,,,
MIN vs vs vs SD,72593,2024-08-19,3,5,SD,MIN,6.97,4.8,11.77
,72607,2024-08-20,5,7,SD,MIN,,,
,72622,2024-08-21,11,4,SD,MIN,,,
CHW vs vs vs SF,72591,2024-08-19,3,5,SF,CHW,3.67,3.3,6.97
,72601,2024-08-20,1,4,SF,CHW,,,
,72616,2024-08-21,6,2,SF,CHW,,,
LAD vs vs vs SEA,72595,2024-08-19,3,0,LAD,SEA,5.1,2.57,7.67
,72610,2024-08-20,6,3,LAD,SEA,,,
,72625,2024-08-21,8,4,LAD,SEA,,,
CHC vs vs vs DET,72605,2024-08-20,3,1,CHC,DET,4.5,4.03,8.53
,72620,2024-08-21,2,8,CHC,DET,,,
,72631,2024-08-22,10,2,CHC,DET,,,
COL vs vs vs NYY,72641,2024-08-23,0,3,NYY,COL,4.4,4.5,8.9
,72656,2024-08-24,9,2,NYY,COL,,,
,72671,2024-08-25,3,10,NYY,COL,,,
ARI vs vs vs BOS,72638,2024-08-23,12,2,BOS,ARI,8.43,2.4,10.83
,72653,2024-08-24,4,1,BOS,ARI,,,
,72668,2024-08-25,7,5,BOS,ARI,,,
KC vs vs vs PHI,72646,2024-08-23,7,4,KC,PHI,3.6,9.53,13.13
,72661,2024-08-24,2,11,KC,PHI,,,
,72676,2024-08-25,3,11,KC,PHI,,,
MIN vs vs vs STL,72648,2024-08-23,1,6,MIN,STL,2.7,3.3,6.0
,72663,2024-08-24,6,0,MIN,STL,,,
,72678,2024-08-25,2,3,MIN,STL,,,
MIL vs vs vs OAK,72644,2024-08-23,11,3,OAK,MIL,8.43,3.6,12.03
,72659,2024-08-24,9,5,OAK,MIL,,,
,72674,2024-08-25,3,4,OAK,MIL,,,
LAD vs vs vs TB,72649,2024-08-23,7,3,LAD,TB,5.4,4.77,10.17
,72664,2024-08-24,8,9,LAD,TB,,,
,72679,2024-08-25,3,1,LAD,TB,,,
SEA vs vs vs SF,72647,2024-08-23,6,5,SEA,SF,3.9,4.4,8.3
,72662,2024-08-24,3,4,SEA,SF,,,
,72677,2024-08-25,4,3,SEA,SF,,,
HOU vs vs vs PHI,72685,2024-08-26,2,3,PHI,HOU,4.4,2.4,6.8
,72696,2024-08-27,0,5,PHI,HOU,,,
,72711,2024-08-28,10,0,PHI,HOU,,,
NYY vs vs vs WSH,72688,2024-08-26,5,2,WSH,NYY,3.3,3.3,6.6
,72699,2024-08-27,2,4,WSH,NYY,,,
,72714,2024-08-28,2,5,WSH,NYY,,,
ATL vs vs vs MIN,72682,2024-08-26,10,6,MIN,ATL,8.43,3.9,12.33
,72693,2024-08-27,8,6,MIN,ATL,,,
,72708,2024-08-28,5,1,MIN,ATL,,,
CIN vs vs vs OAK,72701,2024-08-27,4,5,CIN,OAK,6.0,8.43,14.43
,72716,2024-08-28,6,9,CIN,OAK,,,
,72728,2024-08-29,10,9,CIN,OAK,,,
MIL vs vs vs SF,72703,2024-08-27,4,5,MIL,SF,3.72,3.72,7.44
,72718,2024-08-28,5,3,MIL,SF,,,
,72730,2024-08-29,6,0,MIL,SF,,,
,72888,2024-09-10,3,2,SF,MIL,,,
,72903,2024-09-11,2,13,SF,MIL,,,
,72913,2024-09-12,3,0,SF,MIL,,,
BAL vs vs vs LAD,72694,2024-08-27,3,2,LAD,BAL,3.67,4.2,7.87
,72709,2024-08-28,4,6,LAD,BAL,,,
,72724,2024-08-29,3,6,LAD,BAL,,,
CHC vs vs vs WSH,72736,2024-08-30,7,6,WSH,CHC,6.14,3.17,9.31
,72751,2024-08-31,5,3,WSH,CHC,,,
,72766,2024-09-01,14,1,WSH,CHC,,,
,73013,2024-09-19,7,6,CHC,WSH,,,
,73028,2024-09-20,3,1,CHC,WSH,,,
,73043,2024-09-21,1,5,CHC,WSH,,,
,73058,2024-09-22,5,0,CHC,WSH,,,
SD vs vs vs TB,72744,2024-08-30,13,5,TB,SD,7.7,5.7,13.4
,72759,2024-08-31,4,11,TB,SD,,,
,72774,2024-09-01,4,3,TB,SD,,,
NYY vs vs vs STL,72746,2024-08-30,6,3,NYY,STL,5.4,8.43,13.83
,72761,2024-08-31,5,6,NYY,STL,,,
,72776,2024-09-01,7,14,NYY,STL,,,
CLE vs vs vs PIT,72743,2024-08-30,10,8,CLE,PIT,4.8,4.4,9.2
,72758,2024-08-31,0,3,CLE,PIT,,,
,72773,2024-09-01,6,1,CLE,PIT,,,
CHW vs vs vs NYM,72741,2024-08-30,1,5,CHW,NYM,1.2,4.4,5.6
,72756,2024-08-31,3,5,CHW,NYM,,,
,72771,2024-09-01,0,2,CHW,NYM,,,
BAL vs vs vs COL,72734,2024-08-30,5,3,COL,BAL,5.87,3.3,9.17
,72749,2024-08-31,5,7,COL,BAL,,,
,72764,2024-09-01,6,1,COL,BAL,,,
CIN vs vs vs HOU,72782,2024-09-02,5,3,CIN,HOU,5.4,2.93,8.33
,72808,2024-09-04,12,5,CIN,HOU,,,
,72821,2024-09-05,1,0,CIN,HOU,,,
DET vs vs vs SD,72781,2024-09-02,0,3,SD,DET,3.3,3.6,6.9
,72807,2024-09-04,5,6,SD,DET,,,
,72820,2024-09-05,4,3,SD,DET,,,
BOS vs vs vs NYM,72778,2024-09-02,1,4,NYM,BOS,2.2,5.7,7.9
,72790,2024-09-03,2,7,NYM,BOS,,,
,72803,2024-09-04,3,8,NYM,BOS,,,
CHC vs vs vs NYY,72834,2024-09-06,0,3,CHC,NYY,0.6,2.2,2.8
,72849,2024-09-07,0,2,CHC,NYY,,,
,72864,2024-09-08,2,1,CHC,NYY,,,
ATL vs vs vs TOR,72839,2024-09-06,3,1,ATL,TOR,3.6,4.77,8.37
,72854,2024-09-07,5,9,ATL,TOR,,,
,72869,2024-09-08,4,3,ATL,TOR,,,
ARI vs vs vs HOU,72827,2024-09-06,0,8,HOU,ARI,6.23,7.5,13.73
,72842,2024-09-07,5,11,HOU,ARI,,,
,72857,2024-09-08,12,6,HOU,ARI,,,
SEA vs vs vs STL,72836,2024-09-06,6,1,STL,SEA,5.87,2.1,7.97
,72851,2024-09-07,0,2,STL,SEA,,,
,72866,2024-09-08,10,4,STL,SEA,,,
CLE vs vs vs LAD,72830,2024-09-06,3,1,LAD,CLE,1.83,3.6,5.43
,72845,2024-09-07,2,7,LAD,CLE,,,
,72860,2024-09-08,0,4,LAD,CLE,,,
PHI vs vs vs TB,72878,2024-09-09,2,1,PHI,TB,4.2,2.57,6.77
,72892,2024-09-10,9,4,PHI,TB,,,
,72907,2024-09-11,3,2,PHI,TB,,,
NYM vs vs vs TOR,72877,2024-09-09,3,2,TOR,NYM,4.03,3.0,7.03
,72889,2024-09-10,2,6,TOR,NYM,,,
,72904,2024-09-11,6,2,TOR,NYM,,,
COL vs vs vs DET,72885,2024-09-10,0,11,DET,COL,2.93,6.0,8.93
,72900,2024-09-11,4,7,DET,COL,,,
,72911,2024-09-12,4,2,DET,COL,,,
BAL vs vs vs DET,72917,2024-09-13,0,1,DET,BAL,3.2,3.07,6.27
,72932,2024-09-14,4,2,DET,BAL,,,
,72947,2024-09-15,2,4,DET,BAL,,,
,73020,2024-09-20,7,1,BAL,DET,,,
,73035,2024-09-21,4,6,BAL,DET,,,
,73050,2024-09-22,3,4,BAL,DET,,,
KC vs vs vs PIT,72922,2024-09-13,8,3,PIT,KC,5.87,2.4,8.27
,72937,2024-09-14,5,1,PIT,KC,,,
,72952,2024-09-15,3,4,PIT,KC,,,
STL vs vs vs TOR,72929,2024-09-13,3,4,TOR,STL,2.57,4.2,6.77
,72944,2024-09-14,2,7,TOR,STL,,,
,72959,2024-09-15,2,3,TOR,STL,,,
CIN vs vs vs MIN,72920,2024-09-13,8,4,MIN,CIN,7.7,4.2,11.9
,72935,2024-09-14,11,1,MIN,CIN,,,
,72950,2024-09-15,2,9,MIN,CIN,,,
ARI vs vs vs MIL,72925,2024-09-13,1,2,ARI,MIL,6.66,6.17,12.83
,72940,2024-09-14,8,15,ARI,MIL,,,
,72955,2024-09-15,11,10,ARI,MIL,,,
,73003,2024-09-19,5,1,MIL,ARI,,,
,73015,2024-09-20,7,4,MIL,ARI,,,
,73030,2024-09-21,5,0,MIL,ARI,,,
,73045,2024-09-22,9,10,MIL,ARI,,,
CHC vs vs vs OAK,72968,2024-09-16,9,2,CHC,OAK,4.5,4.03,8.53
,72981,2024-09-17,3,4,CHC,OAK,,,
,72996,2024-09-18,3,5,CHC,OAK,,,
CHW vs vs vs LAA,72963,2024-09-16,8,4,LAA,CHW,4.12,2.87,6.99
,72975,2024-09-17,0,5,LAA,CHW,,,
,72990,2024-09-18,3,4,LAA,CHW,,,
,73063,2024-09-24,3,2,CHW,LAA,,,
,73078,2024-09-25,4,3,CHW,LAA,,,
,73093,2024-09-26,7,0,CHW,LAA,,,
HOU vs vs vs SD,72965,2024-09-16,1,3,SD,HOU,1.83,3.0,4.83
,72977,2024-09-17,4,3,SD,HOU,,,
,72992,2024-09-18,0,4,SD,HOU,,,
BAL vs vs vs SF,72984,2024-09-17,0,10,BAL,SF,2.4,6.6,9.0
,72999,2024-09-18,3,5,BAL,SF,,,
,73011,2024-09-19,5,3,BAL,SF,,,
KC vs vs vs SF,73026,2024-09-20,1,2,KC,SF,0.3,4.77,5.07
,73041,2024-09-21,0,9,KC,SF,,,
,73056,2024-09-22,0,2,KC,SF,,,
CLE vs vs vs STL,73018,2024-09-20,5,1,STL,CLE,4.03,2.7,6.73
,73033,2024-09-21,5,6,STL,CLE,,,
,73048,2024-09-22,1,2,STL,CLE,,,
CHW vs vs vs SD,73017,2024-09-20,2,3,SD,CHW,2.2,3.9,6.1
,73032,2024-09-21,2,6,SD,CHW,,,
,73047,2024-09-22,2,4,SD,CHW,,,
KC vs vs vs WSH,73068,2024-09-24,1,0,WSH,KC,4.03,1.2,5.23
,73083,2024-09-25,3,0,WSH,KC,,,
,73095,2024-09-26,7,4,WSH,KC,,,
MIA vs vs vs MIN,73069,2024-09-24,4,1,MIN,MIA,5.5,4.5,10.0
,73084,2024-09-25,3,8,MIN,MIA,,,
,73096,2024-09-26,8,6,MIN,MIA,,,
NYY vs vs vs PIT,73112,2024-09-27,2,4,NYY,PIT,3.6,6.23,9.83
,73127,2024-09-28,4,9,NYY,PIT,,,
,73142,2024-09-29,6,4,NYY,PIT,,,
MIA vs vs vs TOR,73108,2024-09-27,15,5,TOR,MIA,9.53,2.1,11.63
,73123,2024-09-28,8,1,TOR,MIA,,,
,73138,2024-09-29,3,1,TOR,MIA,,,
ATL vs vs vs KC,73106,2024-09-27,3,0,ATL,KC,2.1,1.83,3.93
,73121,2024-09-28,2,1,ATL,KC,,,
,73136,2024-09-29,2,4,ATL,KC,,,
